Workbook

Sheet 使用說明
A1: SCIONX Destuff 互動練習 -- 真實 Frame 版 ver2 實驗版 (延伸自 scionx_destuff_demo.xlsx 的機制，跟 04d_destuff_interactive.py 主版本平行比較用)
A3: 這份檔案把 scionx_destuff_demo.xlsx 驗證過的機制（RawBits 下拉選單 destuff/flip -> 其他分頁即時連動）套用到 cut_first3.ogg 真實訊號解出的 Frame #2，共 2240 個原始判決 bit（不含結尾額外顯示的 40 bit）。
A5: 這是 04d_destuff_interactive_ver2.py 產生的檔案，跟主版本 04d_destuff_interactive.py （輸出檔名沒有 _ver2）內容大部分一樣，差別只在下面 ver2 專屬的第 5、6 點 -- 兩個檔案可以同時開著比較。
A7: 改動（相對於最早的手動 demo 版）：
A8: 1. ExcludeThisBit / FlipThisBit 這兩欄現在全部預設 No，不再由程式先猜答案 -- 要 destuff/flip 哪個 bit，完全由你自己判斷、手動勾選。
A9: 2. LowConfidence、CandidateStuffPoint 這兩欄，只要是 Yes 就用紅字標出來（這兩欄是根據這一列固定的採樣點/RawBitValue 算的，不會因為你調整別的列而變動）。
A10: 3. 拿掉 Destuffed、Bytes_Hex 兩個分頁（比對介面太雜，容易搞混）。CRC_Check 保留。
A11: 4. 新增 Beacon Decode 分頁，樣式跟舊的 cut_first3_frame2_beacon_decode.xlsx 一樣（Subsystem/ItemName/OffsetBit/BitLen/Bits/ReadableValue/LookupTable，同欄位的 bit 合併成一列），會隨你在 RawBits 的調整即時連動。
A12: 5.（ver2 專屬實驗）_DestuffedBits 分頁改成不隱藏，直接放在 RawBits 右邊。這是「移位後的壓縮序列」本尊：Position 欄永遠代表『目前存活的第幾個 bit』，你在 RawBits 排除一個 bit 後，後面所有 Position 對應到的 RawBits 來源列（B欄 SourceRawBitIndex）跟數值都會往前挪一格 -- 這是跟 RawBits 本身『每列固定代表一個採樣點、Subsystem/ItemName/ReadableValue 隨 DestuffedSeqNo 查表變動』相反的呈現方式，同一份資料兩種看法，可以互相對照。D/E 欄（Subsystem/ItemName）是額外加的，純粹讓你在看數值滑動時知道滑到哪個欄位了。
A13: 6.（ver2 專屬）header 區段的邊界從 14 bytes 修正成 16 bytes（含 Control+PID），跟 Beacon Decode 的 HEADER 四列對齊。
A14: 7.（ver2 專屬實驗）RawBits 的整列背景色改成用 Excel 條件式格式設定即時算，不再是產生檔案當下就寫死的固定色：ExcludeThisBit=Yes 的列會整列變黃色（優先權最高，一眼就能看出你已經處理過哪些列）；其餘列的顏色跟著 I 欄 SegmentGuess 走 -- 而 SegmentGuess 本身現在也是活公式，根據這一列『當下』的 H 欄（DestuffedSeqNo）落在哪個結構段（address/data1/zero-run1/data2/zero-run2/FCS/trailing）決定，跟 J~M 欄同一套邏輯。結果就是：你在前面排除一個 bit 之後，後面每一列的『顏色』會跟著『欄位名稱』一起往前移動一格，不是只有文字變、顏色沒動。你還沒排除任何東西之前，顏色顯示的是『假設完全沒 destuff』的樸素結構猜測（跟 J~M 欄一開始的行為一樣），這是預期行為，不是 bug。
A16: 比對用的參考資料是 REFERENCE_FRAME.md 的 272-byte 地面測試封包（同一顆衛星的另一次下傳）。根據 CLAUDE.md 的規則：header（Dest/Src address + Control + PID，前 16 bytes）以及 Info 欄位裡的長段全零 padding，在任何一次下傳中理論上都應該相同；但 Info 欄位裡真正的遙測數值（data1/data2 兩段）每個 frame 都不一樣，這份參考資料涵蓋 1320 bit 的 header/zero-run，另外 872 bit 的 telemetry 沒有真值可比對，只能靠 CRC_Check 驗證。這份參考資料目前只用在：(a) 內部訊號判決時決定 zero-run 段要用哪一種門檻規則（RawBits 的 SegmentGuess 欄），(b) 對齊 offset 的小範圍搜尋。不會用來預先決定你的 ExcludeThisBit / FlipThisBit。
... A27: 效能提醒：這個檔案有兩千多列公式，Excel 開啟、或每次改動下拉選單重新計算，都會比 demo 檔慢一點，屬正常現象。另外有兩個分頁（_DestuffedBits、Fields）被隱藏了，是內部串接用的輔助分頁（RawBits/Beacon Decode/CRC_Check 都是靠它們對齊資料），好奇可以在分頁標籤按右鍵「取消隱藏」看，但不需要去動裡面的內容。

Sheet RawBits
A1: BitIndex | B1: RawBitValue | C1: LowConfidence | D1: CandidateStuffPoint | E1: ExcludeThisBit | F1: FlipThisBit | G1: EffectiveBitValue | H1: DestuffedSeqNo | I1: SegmentGuess | J1: Subsystem | K1: ItemName | L1: ReadableValue | M1: LookupTable
A2: 0 | B2: 0 | C2: No | E2: No | F2: No | G2: =IF(F2="Yes",1-B2,B2) | H2: =IF(E2="Yes","",COUNTIFS($E$2:E2,"No")) | I2: =IF(H2="","",IF(H2<=128,"address",IF(H2<=600,"data1",IF(H2<=1264,"zero-run1",IF(H2<=1648,"data2",IF(H2<=2176,"zero-run2",IF(H2<=2192,"FCS","trailing"))))))) | J2: =IFERROR(IF(AND(H2<>"",H2>=129,H2<=2176),INDEX(Fields!$B$2:$B$206,MATCH(H2-129,Fields!$D$2:$D$206,1)),""),"") | K2: =IFERROR(IF(AND(H2<>"",H2>=129,H2<=2176),INDEX(Fields!$C$2:$C$206,MATCH(H2-129,Fields!$D$2:$D$206,1)),""),"") | L2: =IFERROR(IF(AND(H2<>"",H2>=129,H2<=2176),INDEX(Fields!$J$2:$J$206,MATCH(H2-129,Fields!$D$2:$D$206,1)),""),"") | M2: =IFERROR(IF(AND(H2<>"",H2>=129,H2<=2176),INDEX(Fields!$K$2:$K$206,MATCH(H2-129,Fields!$D$2:$D$206,1)),""),"")
A3: 1 | B3: 0 | C3: No | E3: No | F3: No | G3: =IF(F3="Yes",1-B3,B3) | H3: =IF(E3="Yes","",COUNTIFS($E$2:E3,"No")) | I3: =IF(H3="","",IF(H3<=128,"address",IF(H3<=600,"data1",IF(H3<=1264,"zero-run1",IF(H3<=1648,"data2",IF(H3<=2176,"zero-run2",IF(H3<=2192,"FCS","trailing"))))))) | J3: =IFERROR(IF(AND(H3<>"",H3>=129,H3<=2176),INDEX(Fields!$B$2:$B$206,MATCH(H3-129,Fields!$D$2:$D$206,1)),""),"") | K3: =IFERROR(IF(AND(H3<>"",H3>=129,H3<=2176),INDEX(Fields!$C$2:$C$206,MATCH(H3-129,Fields!$D$2:$D$206,1)),""),"") | L3: =IFERROR(IF(AND(H3<>"",H3>=129,H3<=2176),INDEX(Fields!$J$2:$J$206,MATCH(H3-129,Fields!$D$2:$D$206,1)),""),"") | M3: =IFERROR(IF(AND(H3<>"",H3>=129,H3<=2176),INDEX(Fields!$K$2:$K$206,MATCH(H3-129,Fields!$D$2:$D$206,1)),""),"")
A4: 2 | B4: 1 | C4: No | E4: No | F4: No | G4: =IF(F4="Yes",1-B4,B4) | H4: =IF(E4="Yes","",COUNTIFS($E$2:E4,"No")) | I4: =IF(H4="","",IF(H4<=128,"address",IF(H4<=600,"data1",IF(H4<=1264,"zero-run1",IF(H4<=1648,"data2",IF(H4<=2176,"zero-run2",IF(H4<=2192,"FCS","trailing"))))))) | J4: =IFERROR(IF(AND(H4<>"",H4>=129,H4<=2176),INDEX(Fields!$B$2:$B$206,MATCH(H4-129,Fields!$D$2:$D$206,1)),""),"") | K4: =IFERROR(IF(AND(H4<>"",H4>=129,H4<=2176),INDEX(Fields!$C$2:$C$206,MATCH(H4-129,Fields!$D$2:$D$206,1)),""),"") | L4: =IFERROR(IF(AND(H4<>"",H4>=129,H4<=2176),INDEX(Fields!$J$2:$J$206,MATCH(H4-129,Fields!$D$2:$D$206,1)),""),"") | M4: =IFERROR(IF(AND(H4<>"",H4>=129,H4<=2176),INDEX(Fields!$K$2:$K$206,MATCH(H4-129,Fields!$D$2:$D$206,1)),""),"")
A5: 3 | B5: 0 | C5: No | E5: No | F5: No | G5: =IF(F5="Yes",1-B5,B5) | H5: =IF(E5="Yes","",COUNTIFS($E$2:E5,"No")) | I5: =IF(H5="","",IF(H5<=128,"address",IF(H5<=600,"data1",IF(H5<=1264,"zero-run1",IF(H5<=1648,"data2",IF(H5<=2176,"zero-run2",IF(H5<=2192,"FCS","trailing"))))))) | J5: =IFERROR(IF(AND(H5<>"",H5>=129,H5<=2176),INDEX(Fields!$B$2:$B$206,MATCH(H5-129,Fields!$D$2:$D$206,1)),""),"") | K5: =IFERROR(IF(AND(H5<>"",H5>=129,H5<=2176),INDEX(Fields!$C$2:$C$206,MATCH(H5-129,Fields!$D$2:$D$206,1)),""),"") | L5: =IFERROR(IF(AND(H5<>"",H5>=129,H5<=2176),INDEX(Fields!$J$2:$J$206,MATCH(H5-129,Fields!$D$2:$D$206,1)),""),"") | M5: =IFERROR(IF(AND(H5<>"",H5>=129,H5<=2176),INDEX(Fields!$K$2:$K$206,MATCH(H5-129,Fields!$D$2:$D$206,1)),""),"")
A6: 4 | B6: 0 | C6: Yes | E6: No | F6: No | G6: =IF(F6="Yes",1-B6,B6) | H6: =IF(E6="Yes","",COUNTIFS($E$2:E6,"No")) | I6: =IF(H6="","",IF(H6<=128,"address",IF(H6<=600,"data1",IF(H6<=1264,"zero-run1",IF(H6<=1648,"data2",IF(H6<=2176,"zero-run2",IF(H6<=2192,"FCS","trailing"))))))) | J6: =IFERROR(IF(AND(H6<>"",H6>=129,H6<=2176),INDEX(Fields!$B$2:$B$206,MATCH(H6-129,Fields!$D$2:$D$206,1)),""),"") | K6: =IFERROR(IF(AND(H6<>"",H6>=129,H6<=2176),INDEX(Fields!$C$2:$C$206,MATCH(H6-129,Fields!$D$2:$D$206,1)),""),"") | L6: =IFERROR(IF(AND(H6<>"",H6>=129,H6<=2176),INDEX(Fields!$J$2:$J$206,MATCH(H6-129,Fields!$D$2:$D$206,1)),""),"") | M6: =IFERROR(IF(AND(H6<>"",H6>=129,H6<=2176),INDEX(Fields!$K$2:$K$206,MATCH(H6-129,Fields!$D$2:$D$206,1)),""),"")
A7: 5 | B7: 0 | C7: No | D7: =IF(AND(B2=1,B3=1,B4=1,B5=1,B6=1),"Yes","") | E7: No | F7: No | G7: =IF(F7="Yes",1-B7,B7) | H7: =IF(E7="Yes","",COUNTIFS($E$2:E7,"No")) | I7: =IF(H7="","",IF(H7<=128,"address",IF(H7<=600,"data1",IF(H7<=1264,"zero-run1",IF(H7<=1648,"data2",IF(H7<=2176,"zero-run2",IF(H7<=2192,"FCS","trailing"))))))) | J7: =IFERROR(IF(AND(H7<>"",H7>=129,H7<=2176),INDEX(Fields!$B$2:$B$206,MATCH(H7-129,Fields!$D$2:$D$206,1)),""),"") | K7: =IFERROR(IF(AND(H7<>"",H7>=129,H7<=2176),INDEX(Fields!$C$2:$C$206,MATCH(H7-129,Fields!$D$2:$D$206,1)),""),"") | L7: =IFERROR(IF(AND(H7<>"",H7>=129,H7<=2176),INDEX(Fields!$J$2:$J$206,MATCH(H7-129,Fields!$D$2:$D$206,1)),""),"") | M7: =IFERROR(IF(AND(H7<>"",H7>=129,H7<=2176),INDEX(Fields!$K$2:$K$206,MATCH(H7-129,Fields!$D$2:$D$206,1)),""),"")
A8: 6 | B8: 0 | C8: No | D8: =IF(AND(B3=1,B4=1,B5=1,B6=1,B7=1),"Yes","") | E8: No | F8: No | G8: =IF(F8="Yes",1-B8,B8) | H8: =IF(E8="Yes","",COUNTIFS($E$2:E8,"No")) | I8: =IF(H8="","",IF(H8<=128,"address",IF(H8<=600,"data1",IF(H8<=1264,"zero-run1",IF(H8<=1648,"data2",IF(H8<=2176,"zero-run2",IF(H8<=2192,"FCS","trailing"))))))) | J8: =IFERROR(IF(AND(H8<>"",H8>=129,H8<=2176),INDEX(Fields!$B$2:$B$206,MATCH(H8-129,Fields!$D$2:$D$206,1)),""),"") | K8: =IFERROR(IF(AND(H8<>"",H8>=129,H8<=2176),INDEX(Fields!$C$2:$C$206,MATCH(H8-129,Fields!$D$2:$D$206,1)),""),"") | L8: =IFERROR(IF(AND(H8<>"",H8>=129,H8<=2176),INDEX(Fields!$J$2:$J$206,MATCH(H8-129,Fields!$D$2:$D$206,1)),""),"") | M8: =IFERROR(IF(AND(H8<>"",H8>=129,H8<=2176),INDEX(Fields!$K$2:$K$206,MATCH(H8-129,Fields!$D$2:$D$206,1)),""),"")
A9: 7 | B9: 1 | C9: No | D9: =IF(AND(B4=1,B5=1,B6=1,B7=1,B8=1),"Yes","") | E9: No | F9: No | G9: =IF(F9="Yes",1-B9,B9) | H9: =IF(E9="Yes","",COUNTIFS($E$2:E9,"No")) | I9: =IF(H9="","",IF(H9<=128,"address",IF(H9<=600,"data1",IF(H9<=1264,"zero-run1",IF(H9<=1648,"data2",IF(H9<=2176,"zero-run2",IF(H9<=2192,"FCS","trailing"))))))) | J9: =IFERROR(IF(AND(H9<>"",H9>=129,H9<=2176),INDEX(Fields!$B$2:$B$206,MATCH(H9-129,Fields!$D$2:$D$206,1)),""),"") | K9: =IFERROR(IF(AND(H9<>"",H9>=129,H9<=2176),INDEX(Fields!$C$2:$C$206,MATCH(H9-129,Fields!$D$2:$D$206,1)),""),"") | L9: =IFERROR(IF(AND(H9<>"",H9>=129,H9<=2176),INDEX(Fields!$J$2:$J$206,MATCH(H9-129,Fields!$D$2:$D$206,1)),""),"") | M9: =IFERROR(IF(AND(H9<>"",H9>=129,H9<=2176),INDEX(Fields!$K$2:$K$206,MATCH(H9-129,Fields!$D$2:$D$206,1)),""),"")
A10: 8 | B10: 0 | C10: No | D10: =IF(AND(B5=1,B6=1,B7=1,B8=1,B9=1),"Yes","") | E10: No | F10: No | G10: =IF(F10="Yes",1-B10,B10) | H10: =IF(E10="Yes","",COUNTIFS($E$2:E10,"No")) | I10: =IF(H10="","",IF(H10<=128,"address",IF(H10<=600,"data1",IF(H10<=1264,"zero-run1",IF(H10<=1648,"data2",IF(H10<=2176,"zero-run2",IF(H10<=2192,"FCS","trailing"))))))) | J10: =IFERROR(IF(AND(H10<>"",H10>=129,H10<=2176),INDEX(Fields!$B$2:$B$206,MATCH(H10-129,Fields!$D$2:$D$206,1)),""),"") | K10: =IFERROR(IF(AND(H10<>"",H10>=129,H10<=2176),INDEX(Fields!$C$2:$C$206,MATCH(H10-129,Fields!$D$2:$D$206,1)),""),"") | L10: =IFERROR(IF(AND(H10<>"",H10>=129,H10<=2176),INDEX(Fields!$J$2:$J$206,MATCH(H10-129,Fields!$D$2:$D$206,1)),""),"") | M10: =IFERROR(IF(AND(H10<>"",H10>=129,H10<=2176),INDEX(Fields!$K$2:$K$206,MATCH(H10-129,Fields!$D$2:$D$206,1)),""),"")
A11: 9 | B11: 0 | C11: No | D11: =IF(AND(B6=1,B7=1,B8=1,B9=1,B10=1),"Yes","") | E11: No | F11: No | G11: =IF(F11="Yes",1-B11,B11) | H11: =IF(E11="Yes","",COUNTIFS($E$2:E11,"No")) | I11: =IF(H11="","",IF(H11<=128,"address",IF(H11<=600,"data1",IF(H11<=1264,"zero-run1",IF(H11<=1648,"data2",IF(H11<=2176,"zero-run2",IF(H11<=2192,"FCS","trailing"))))))) | J11: =IFERROR(IF(AND(H11<>"",H11>=129,H11<=2176),INDEX(Fields!$B$2:$B$206,MATCH(H11-129,Fields!$D$2:$D$206,1)),""),"") | K11: =IFERROR(IF(AND(H11<>"",H11>=129,H11<=2176),INDEX(Fields!$C$2:$C$206,MATCH(H11-129,Fields!$D$2:$D$206,1)),""),"") | L11: =IFERROR(IF(AND(H11<>"",H11>=129,H11<=2176),INDEX(Fields!$J$2:$J$206,MATCH(H11-129,Fields!$D$2:$D$206,1)),""),"") | M11: =IFERROR(IF(AND(H11<>"",H11>=129,H11<=2176),INDEX(Fields!$K$2:$K$206,MATCH(H11-129,Fields!$D$2:$D$206,1)),""),"")
A12: 10 | B12: 1 | C12: No | D12: =IF(AND(B7=1,B8=1,B9=1,B10=1,B11=1),"Yes","") | E12: No | F12: No | G12: =IF(F12="Yes",1-B12,B12) | H12: =IF(E12="Yes","",COUNTIFS($E$2:E12,"No")) | I12: =IF(H12="","",IF(H12<=128,"address",IF(H12<=600,"data1",IF(H12<=1264,"zero-run1",IF(H12<=1648,"data2",IF(H12<=2176,"zero-run2",IF(H12<=2192,"FCS","trailing"))))))) | J12: =IFERROR(IF(AND(H12<>"",H12>=129,H12<=2176),INDEX(Fields!$B$2:$B$206,MATCH(H12-129,Fields!$D$2:$D$206,1)),""),"") | K12: =IFERROR(IF(AND(H12<>"",H12>=129,H12<=2176),INDEX(Fields!$C$2:$C$206,MATCH(H12-129,Fields!$D$2:$D$206,1)),""),"") | L12: =IFERROR(IF(AND(H12<>"",H12>=129,H12<=2176),INDEX(Fields!$J$2:$J$206,MATCH(H12-129,Fields!$D$2:$D$206,1)),""),"") | M12: =IFERROR(IF(AND(H12<>"",H12>=129,H12<=2176),INDEX(Fields!$K$2:$K$206,MATCH(H12-129,Fields!$D$2:$D$206,1)),""),"")
A13: 11 | B13: 1 | C13: No | D13: =IF(AND(B8=1,B9=1,B10=1,B11=1,B12=1),"Yes","") | E13: No | F13: No | G13: =IF(F13="Yes",1-B13,B13) | H13: =IF(E13="Yes","",COUNTIFS($E$2:E13,"No")) | I13: =IF(H13="","",IF(H13<=128,"address",IF(H13<=600,"data1",IF(H13<=1264,"zero-run1",IF(H13<=1648,"data2",IF(H13<=2176,"zero-run2",IF(H13<=2192,"FCS","trailing"))))))) | J13: =IFERROR(IF(AND(H13<>"",H13>=129,H13<=2176),INDEX(Fields!$B$2:$B$206,MATCH(H13-129,Fields!$D$2:$D$206,1)),""),"") | K13: =IFERROR(IF(AND(H13<>"",H13>=129,H13<=2176),INDEX(Fields!$C$2:$C$206,MATCH(H13-129,Fields!$D$2:$D$206,1)),""),"") | L13: =IFERROR(IF(AND(H13<>"",H13>=129,H13<=2176),INDEX(Fields!$J$2:$J$206,MATCH(H13-129,Fields!$D$2:$D$206,1)),""),"") | M13: =IFERROR(IF(AND(H13<>"",H13>=129,H13<=2176),INDEX(Fields!$K$2:$K$206,MATCH(H13-129,Fields!$D$2:$D$206,1)),""),"")
A14: 12 | B14: 1 | C14: No | D14: =IF(AND(B9=1,B10=1,B11=1,B12=1,B13=1),"Yes","") | E14: No | F14: No | G14: =IF(F14="Yes",1-B14,B14) | H14: =IF(E14="Yes","",COUNTIFS($E$2:E14,"No")) | I14: =IF(H14="","",IF(H14<=128,"address",IF(H14<=600,"data1",IF(H14<=1264,"zero-run1",IF(H14<=1648,"data2",IF(H14<=2176,"zero-run2",IF(H14<=2192,"FCS","trailing"))))))) | J14: =IFERROR(IF(AND(H14<>"",H14>=129,H14<=2176),INDEX(Fields!$B$2:$B$206,MATCH(H14-129,Fields!$D$2:$D$206,1)),""),"") | K14: =IFERROR(IF(AND(H14<>"",H14>=129,H14<=2176),INDEX(Fields!$C$2:$C$206,MATCH(H14-129,Fields!$D$2:$D$206,1)),""),"") | L14: =IFERROR(IF(AND(H14<>"",H14>=129,H14<=2176),INDEX(Fields!$J$2:$J$206,MATCH(H14-129,Fields!$D$2:$D$206,1)),""),"") | M14: =IFERROR(IF(AND(H14<>"",H14>=129,H14<=2176),INDEX(Fields!$K$2:$K$206,MATCH(H14-129,Fields!$D$2:$D$206,1)),""),"")
A15: 13 | B15: 0 | C15: No | D15: =IF(AND(B10=1,B11=1,B12=1,B13=1,B14=1),"Yes","") | E15: No | F15: No | G15: =IF(F15="Yes",1-B15,B15) | H15: =IF(E15="Yes","",COUNTIFS($E$2:E15,"No")) | I15: =IF(H15="","",IF(H15<=128,"address",IF(H15<=600,"data1",IF(H15<=1264,"zero-run1",IF(H15<=1648,"data2",IF(H15<=2176,"zero-run2",IF(H15<=2192,"FCS","trailing"))))))) | J15: =IFERROR(IF(AND(H15<>"",H15>=129,H15<=2176),INDEX(Fields!$B$2:$B$206,MATCH(H15-129,Fields!$D$2:$D$206,1)),""),"") | K15: =IFERROR(IF(AND(H15<>"",H15>=129,H15<=2176),INDEX(Fields!$C$2:$C$206,MATCH(H15-129,Fields!$D$2:$D$206,1)),""),"") | L15: =IFERROR(IF(AND(H15<>"",H15>=129,H15<=2176),INDEX(Fields!$J$2:$J$206,MATCH(H15-129,Fields!$D$2:$D$206,1)),""),"") | M15: =IFERROR(IF(AND(H15<>"",H15>=129,H15<=2176),INDEX(Fields!$K$2:$K$206,MATCH(H15-129,Fields!$D$2:$D$206,1)),""),"")
A16: 14 | B16: 0 | C16: No | D16: =IF(AND(B11=1,B12=1,B13=1,B14=1,B15=1),"Yes","") | E16: No | F16: No | G16: =IF(F16="Yes",1-B16,B16) | H16: =IF(E16="Yes","",COUNTIFS($E$2:E16,"No")) | I16: =IF(H16="","",IF(H16<=128,"address",IF(H16<=600,"data1",IF(H16<=1264,"zero-run1",IF(H16<=1648,"data2",IF(H16<=2176,"zero-run2",IF(H16<=2192,"FCS","trailing"))))))) | J16: =IFERROR(IF(AND(H16<>"",H16>=129,H16<=2176),INDEX(Fields!$B$2:$B$206,MATCH(H16-129,Fields!$D$2:$D$206,1)),""),"") | K16: =IFERROR(IF(AND(H16<>"",H16>=129,H16<=2176),INDEX(Fields!$C$2:$C$206,MATCH(H16-129,Fields!$D$2:$D$206,1)),""),"") | L16: =IFERROR(IF(AND(H16<>"",H16>=129,H16<=2176),INDEX(Fields!$J$2:$J$206,MATCH(H16-129,Fields!$D$2:$D$206,1)),""),"") | M16: =IFERROR(IF(AND(H16<>"",H16>=129,H16<=2176),INDEX(Fields!$K$2:$K$206,MATCH(H16-129,Fields!$D$2:$D$206,1)),""),"")
A17: 15 | B17: 1 | C17: No | D17: =IF(AND(B12=1,B13=1,B14=1,B15=1,B16=1),"Yes","") | E17: No | F17: No | G17: =IF(F17="Yes",1-B17,B17) | H17: =IF(E17="Yes","",COUNTIFS($E$2:E17,"No")) | I17: =IF(H17="","",IF(H17<=128,"address",IF(H17<=600,"data1",IF(H17<=1264,"zero-run1",IF(H17<=1648,"data2",IF(H17<=2176,"zero-run2",IF(H17<=2192,"FCS","trailing"))))))) | J17: =IFERROR(IF(AND(H17<>"",H17>=129,H17<=2176),INDEX(Fields!$B$2:$B$206,MATCH(H17-129,Fields!$D$2:$D$206,1)),""),"") | K17: =IFERROR(IF(AND(H17<>"",H17>=129,H17<=2176),INDEX(Fields!$C$2:$C$206,MATCH(H17-129,Fields!$D$2:$D$206,1)),""),"") | L17: =IFERROR(IF(AND(H17<>"",H17>=129,H17<=2176),INDEX(Fields!$J$2:$J$206,MATCH(H17-129,Fields!$D$2:$D$206,1)),""),"") | M17: =IFERROR(IF(AND(H17<>"",H17>=129,H17<=2176),INDEX(Fields!$K$2:$K$206,MATCH(H17-129,Fields!$D$2:$D$206,1)),""),"")
A18: 16 | B18: 0 | C18: No | D18: =IF(AND(B13=1,B14=1,B15=1,B16=1,B17=1),"Yes","") | E18: No | F18: No | G18: =IF(F18="Yes",1-B18,B18) | H18: =IF(E18="Yes","",COUNTIFS($E$2:E18,"No")) | I18: =IF(H18="","",IF(H18<=128,"address",IF(H18<=600,"data1",IF(H18<=1264,"zero-run1",IF(H18<=1648,"data2",IF(H18<=2176,"zero-run2",IF(H18<=2192,"FCS","trailing"))))))) | J18: =IFERROR(IF(AND(H18<>"",H18>=129,H18<=2176),INDEX(Fields!$B$2:$B$206,MATCH(H18-129,Fields!$D$2:$D$206,1)),""),"") | K18: =IFERROR(IF(AND(H18<>"",H18>=129,H18<=2176),INDEX(Fields!$C$2:$C$206,MATCH(H18-129,Fields!$D$2:$D$206,1)),""),"") | L18: =IFERROR(IF(AND(H18<>"",H18>=129,H18<=2176),INDEX(Fields!$J$2:$J$206,MATCH(H18-129,Fields!$D$2:$D$206,1)),""),"") | M18: =IFERROR(IF(AND(H18<>"",H18>=129,H18<=2176),INDEX(Fields!$K$2:$K$206,MATCH(H18-129,Fields!$D$2:$D$206,1)),""),"")
... A2241: 2239 | B2241: 1 | C2241: No | D2241: =IF(AND(B2236=1,B2237=1,B2238=1,B2239=1,B2240=1),"Yes","") | E2241: No | F2241: No | G2241: =IF(F2241="Yes",1-B2241,B2241) | H2241: =IF(E2241="Yes","",COUNTIFS($E$2:E2241,"No")) | I2241: =IF(H2241="","",IF(H2241<=128,"address",IF(H2241<=600,"data1",IF(H2241<=1264,"zero-run1",IF(H2241<=1648,"data2",IF(H2241<=2176,"zero-run2",IF(H2241<=2192,"FCS","trailing"))))))) | J2241: =IFERROR(IF(AND(H2241<>"",H2241>=129,H2241<=2176),INDEX(Fields!$B$2:$B$206,MATCH(H2241-129,Fields!$D$2:$D$206,1)),""),"") | K2241: =IFERROR(IF(AND(H2241<>"",H2241>=129,H2241<=2176),INDEX(Fields!$C$2:$C$206,MATCH(H2241-129,Fields!$D$2:$D$206,1)),""),"") | L2241: =IFERROR(IF(AND(H2241<>"",H2241>=129,H2241<=2176),INDEX(Fields!$J$2:$J$206,MATCH(H2241-129,Fields!$D$2:$D$206,1)),""),"") | M2241: =IFERROR(IF(AND(H2241<>"",H2241>=129,H2241<=2176),INDEX(Fields!$K$2:$K$206,MATCH(H2241-129,Fields!$D$2:$D$206,1)),""),"")

Sheet _DestuffedBits
A1: Position | B1: SourceRawBitIndex | C1: DestuffedBitValue | D1: Subsystem | E1: ItemName
A2: 1 | B2: =IFERROR(INDEX(RawBits!$A:$A,MATCH($A2,RawBits!$H:$H,0)),"?") | C2: =IFERROR(INDEX(RawBits!$G:$G,MATCH($A2,RawBits!$H:$H,0)),"") | D2: =IFERROR(IF(AND(A2>=129,A2<=2176),INDEX(Fields!$B$2:$B$206,MATCH(A2-129,Fields!$D$2:$D$206,1)),""),"") | E2: =IFERROR(IF(AND(A2>=129,A2<=2176),INDEX(Fields!$C$2:$C$206,MATCH(A2-129,Fields!$D$2:$D$206,1)),""),"")
A3: 2 | B3: =IFERROR(INDEX(RawBits!$A:$A,MATCH($A3,RawBits!$H:$H,0)),"?") | C3: =IFERROR(INDEX(RawBits!$G:$G,MATCH($A3,RawBits!$H:$H,0)),"") | D3: =IFERROR(IF(AND(A3>=129,A3<=2176),INDEX(Fields!$B$2:$B$206,MATCH(A3-129,Fields!$D$2:$D$206,1)),""),"") | E3: =IFERROR(IF(AND(A3>=129,A3<=2176),INDEX(Fields!$C$2:$C$206,MATCH(A3-129,Fields!$D$2:$D$206,1)),""),"")
A4: 3 | B4: =IFERROR(INDEX(RawBits!$A:$A,MATCH($A4,RawBits!$H:$H,0)),"?") | C4: =IFERROR(INDEX(RawBits!$G:$G,MATCH($A4,RawBits!$H:$H,0)),"") | D4: =IFERROR(IF(AND(A4>=129,A4<=2176),INDEX(Fields!$B$2:$B$206,MATCH(A4-129,Fields!$D$2:$D$206,1)),""),"") | E4: =IFERROR(IF(AND(A4>=129,A4<=2176),INDEX(Fields!$C$2:$C$206,MATCH(A4-129,Fields!$D$2:$D$206,1)),""),"")
A5: 4 | B5: =IFERROR(INDEX(RawBits!$A:$A,MATCH($A5,RawBits!$H:$H,0)),"?") | C5: =IFERROR(INDEX(RawBits!$G:$G,MATCH($A5,RawBits!$H:$H,0)),"") | D5: =IFERROR(IF(AND(A5>=129,A5<=2176),INDEX(Fields!$B$2:$B$206,MATCH(A5-129,Fields!$D$2:$D$206,1)),""),"") | E5: =IFERROR(IF(AND(A5>=129,A5<=2176),INDEX(Fields!$C$2:$C$206,MATCH(A5-129,Fields!$D$2:$D$206,1)),""),"")
A6: 5 | B6: =IFERROR(INDEX(RawBits!$A:$A,MATCH($A6,RawBits!$H:$H,0)),"?") | C6: =IFERROR(INDEX(RawBits!$G:$G,MATCH($A6,RawBits!$H:$H,0)),"") | D6: =IFERROR(IF(AND(A6>=129,A6<=2176),INDEX(Fields!$B$2:$B$206,MATCH(A6-129,Fields!$D$2:$D$206,1)),""),"") | E6: =IFERROR(IF(AND(A6>=129,A6<=2176),INDEX(Fields!$C$2:$C$206,MATCH(A6-129,Fields!$D$2:$D$206,1)),""),"")
A7: 6 | B7: =IFERROR(INDEX(RawBits!$A:$A,MATCH($A7,RawBits!$H:$H,0)),"?") | C7: =IFERROR(INDEX(RawBits!$G:$G,MATCH($A7,RawBits!$H:$H,0)),"") | D7: =IFERROR(IF(AND(A7>=129,A7<=2176),INDEX(Fields!$B$2:$B$206,MATCH(A7-129,Fields!$D$2:$D$206,1)),""),"") | E7: =IFERROR(IF(AND(A7>=129,A7<=2176),INDEX(Fields!$C$2:$C$206,MATCH(A7-129,Fields!$D$2:$D$206,1)),""),"")
A8: 7 | B8: =IFERROR(INDEX(RawBits!$A:$A,MATCH($A8,RawBits!$H:$H,0)),"?") | C8: =IFERROR(INDEX(RawBits!$G:$G,MATCH($A8,RawBits!$H:$H,0)),"") | D8: =IFERROR(IF(AND(A8>=129,A8<=2176),INDEX(Fields!$B$2:$B$206,MATCH(A8-129,Fields!$D$2:$D$206,1)),""),"") | E8: =IFERROR(IF(AND(A8>=129,A8<=2176),INDEX(Fields!$C$2:$C$206,MATCH(A8-129,Fields!$D$2:$D$206,1)),""),"")
A9: 8 | B9: =IFERROR(INDEX(RawBits!$A:$A,MATCH($A9,RawBits!$H:$H,0)),"?") | C9: =IFERROR(INDEX(RawBits!$G:$G,MATCH($A9,RawBits!$H:$H,0)),"") | D9: =IFERROR(IF(AND(A9>=129,A9<=2176),INDEX(Fields!$B$2:$B$206,MATCH(A9-129,Fields!$D$2:$D$206,1)),""),"") | E9: =IFERROR(IF(AND(A9>=129,A9<=2176),INDEX(Fields!$C$2:$C$206,MATCH(A9-129,Fields!$D$2:$D$206,1)),""),"")
A10: 9 | B10: =IFERROR(INDEX(RawBits!$A:$A,MATCH($A10,RawBits!$H:$H,0)),"?") | C10: =IFERROR(INDEX(RawBits!$G:$G,MATCH($A10,RawBits!$H:$H,0)),"") | D10: =IFERROR(IF(AND(A10>=129,A10<=2176),INDEX(Fields!$B$2:$B$206,MATCH(A10-129,Fields!$D$2:$D$206,1)),""),"") | E10: =IFERROR(IF(AND(A10>=129,A10<=2176),INDEX(Fields!$C$2:$C$206,MATCH(A10-129,Fields!$D$2:$D$206,1)),""),"")
A11: 10 | B11: =IFERROR(INDEX(RawBits!$A:$A,MATCH($A11,RawBits!$H:$H,0)),"?") | C11: =IFERROR(INDEX(RawBits!$G:$G,MATCH($A11,RawBits!$H:$H,0)),"") | D11: =IFERROR(IF(AND(A11>=129,A11<=2176),INDEX(Fields!$B$2:$B$206,MATCH(A11-129,Fields!$D$2:$D$206,1)),""),"") | E11: =IFERROR(IF(AND(A11>=129,A11<=2176),INDEX(Fields!$C$2:$C$206,MATCH(A11-129,Fields!$D$2:$D$206,1)),""),"")
A12: 11 | B12: =IFERROR(INDEX(RawBits!$A:$A,MATCH($A12,RawBits!$H:$H,0)),"?") | C12: =IFERROR(INDEX(RawBits!$G:$G,MATCH($A12,RawBits!$H:$H,0)),"") | D12: =IFERROR(IF(AND(A12>=129,A12<=2176),INDEX(Fields!$B$2:$B$206,MATCH(A12-129,Fields!$D$2:$D$206,1)),""),"") | E12: =IFERROR(IF(AND(A12>=129,A12<=2176),INDEX(Fields!$C$2:$C$206,MATCH(A12-129,Fields!$D$2:$D$206,1)),""),"")
A13: 12 | B13: =IFERROR(INDEX(RawBits!$A:$A,MATCH($A13,RawBits!$H:$H,0)),"?") | C13: =IFERROR(INDEX(RawBits!$G:$G,MATCH($A13,RawBits!$H:$H,0)),"") | D13: =IFERROR(IF(AND(A13>=129,A13<=2176),INDEX(Fields!$B$2:$B$206,MATCH(A13-129,Fields!$D$2:$D$206,1)),""),"") | E13: =IFERROR(IF(AND(A13>=129,A13<=2176),INDEX(Fields!$C$2:$C$206,MATCH(A13-129,Fields!$D$2:$D$206,1)),""),"")
... A2193: 2192 | B2193: =IFERROR(INDEX(RawBits!$A:$A,MATCH($A2193,RawBits!$H:$H,0)),"?") | C2193: =IFERROR(INDEX(RawBits!$G:$G,MATCH($A2193,RawBits!$H:$H,0)),"") | D2193: =IFERROR(IF(AND(A2193>=129,A2193<=2176),INDEX(Fields!$B$2:$B$206,MATCH(A2193-129,Fields!$D$2:$D$206,1)),""),"") | E2193: =IFERROR(IF(AND(A2193>=129,A2193<=2176),INDEX(Fields!$C$2:$C$206,MATCH(A2193-129,Fields!$D$2:$D$206,1)),""),"")

Sheet Beacon Decode
A1: Subsystem | B1: ItemName | C1: OffsetBit | D1: BitLen | E1: Bits | F1: ReadableValue | G1: LookupTable
A2: HEADER | B2: Dest Address | C2: 0 | D2: 56 | E2: =_DestuffedBits!C2&_DestuffedBits!C3&_DestuffedBits!C4&_DestuffedBits!C5&_DestuffedBits!C6&_DestuffedBits!C7&_DestuffedBits!C8&_DestuffedBits!C9&_DestuffedBits!C10&_DestuffedBits!C11&_DestuffedBits!C12&_DestuffedBits!C13&_DestuffedBits!C14&_DestuffedBits!C15&_DestuffedBits!C16&_DestuffedBits!C17&_DestuffedBits!C18&_DestuffedBits!C19&_DestuffedBits!C20&_DestuffedBits!C21&_DestuffedBits!C22&_DestuffedBits!C23&_DestuffedBits!C24&_DestuffedBits!C25&_DestuffedBits!C26&_DestuffedBits!C27&_DestuffedBits!C28&_DestuffedBits!C29&_DestuffedBits!C30&_DestuffedBits!C31&_DestuffedBits!C32&_DestuffedBits!C33&_DestuffedBits!C34&_DestuffedBits!C35&_DestuffedBits!C36&_DestuffedBits!C37&_DestuffedBits!C38&_DestuffedBits!C39&_DestuffedBits!C40&_DestuffedBits!C41&_DestuffedBits!C42&_DestuffedBits!C43&_DestuffedBits!C44&_DestuffedBits!C45&_DestuffedBits!C46&_DestuffedBits!C47&_DestuffedBits!C48&_DestuffedBits!C49&_DestuffedBits!C50&_DestuffedBits!C51&_DestuffedBits!C52&_DestuffedBits!C53&_DestuffedBits!C54&_DestuffedBits!C55&_DestuffedBits!C56&_DestuffedBits!C57 | F2: ="'"&IF(AND(INT((_DestuffedBits!C2*1+_DestuffedBits!C3*2+_DestuffedBits!C4*4+_DestuffedBits!C5*8+_DestuffedBits!C6*16+_DestuffedBits!C7*32+_DestuffedBits!C8*64+_DestuffedBits!C9*128)/2)>=32,INT((_DestuffedBits!C2*1+_DestuffedBits!C3*2+_DestuffedBits!C4*4+_DestuffedBits!C5*8+_DestuffedBits!C6*16+_DestuffedBits!C7*32+_DestuffedBits!C8*64+_DestuffedBits!C9*128)/2)<127),CHAR(INT((_DestuffedBits!C2*1+_DestuffedBits!C3*2+_DestuffedBits!C4*4+_DestuffedBits!C5*8+_DestuffedBits!C6*16+_DestuffedBits!C7*32+_DestuffedBits!C8*64+_DestuffedBits!C9*128)/2)),"?")&IF(AND(INT((_DestuffedBits!C10*1+_DestuffedBits!C11*2+_DestuffedBits!C12*4+_DestuffedBits!C13*8+_DestuffedBits!C14*16+_DestuffedBits!C15*32+_DestuffedBits!C16*64+_DestuffedBits!C17*128)/2)>=32,INT((_DestuffedBits!C10*1+_DestuffedBits!C11*2+_DestuffedBits!C12*4+_DestuffedBits!C13*8+_DestuffedBits!C14*16+_DestuffedBits!C15*32+_DestuffedBits!C16*64+_DestuffedBits!C17*128)/2)<127),CHAR(INT((_DestuffedBits!C10*1+_DestuffedBits!C11*2+_DestuffedBits!C12*4+_DestuffedBits!C13*8+_DestuffedBits!C14*16+_DestuffedBits!C15*32+_DestuffedBits!C16*64+_DestuffedBits!C17*128)/2)),"?")&IF(AND(INT((_DestuffedBits!C18*1+_DestuffedBits!C19*2+_DestuffedBits!C20*4+_DestuffedBits!C21*8+_DestuffedBits!C22*16+_DestuffedBits!C23*32+_DestuffedBits!C24*64+_DestuffedBits!C25*128)/2)>=32,INT((_DestuffedBits!C18*1+_DestuffedBits!C19*2+_DestuffedBits!C20*4+_DestuffedBits!C21*8+_DestuffedBits!C22*16+_DestuffedBits!C23*32+_DestuffedBits!C24*64+_DestuffedBits!C25*128)/2)<127),CHAR(INT((_DestuffedBits!C18*1+_DestuffedBits!C19*2+_DestuffedBits!C20*4+_DestuffedBits!C21*8+_DestuffedBits!C22*16+_DestuffedBits!C23*32+_DestuffedBits!C24*64+_DestuffedBits!C25*128)/2)),"?")&IF(AND(INT((_DestuffedBits!C26*1+_DestuffedBits!C27*2+_DestuffedBits!C28*4+_DestuffedBits!C29*8+_DestuffedBits!C30*16+_DestuffedBits!C31*32+_DestuffedBits!C32*64+_DestuffedBits!C33*128)/2)>=32,INT((_DestuffedBits!C26*1+_DestuffedBits!C27*2+_DestuffedBits!C28*4+_DestuffedBits!C29*8+_DestuffedBits!C30*16+_DestuffedBits!C31*32+_DestuffedBits!C32*64+_DestuffedBits!C33*128)/2)<127),CHAR(INT((_DestuffedBits!C26*1+_DestuffedBits!C27*2+_DestuffedBits!C28*4+_DestuffedBits!C29*8+_DestuffedBits!C30*16+_DestuffedBits!C31*32+_DestuffedBits!C32*64+_DestuffedBits!C33*128)/2)),"?")&IF(AND(INT((_DestuffedBits!C34*1+_DestuffedBits!C35*2+_DestuffedBits!C36*4+_DestuffedBits!C37*8+_DestuffedBits!C38*16+_DestuffedBits!C39*32+_DestuffedBits!C40*64+_DestuffedBits!C41*128)/2)>=32,INT((_DestuffedBits!C34*1+_DestuffedBits!C35*2+_DestuffedBits!C36*4+_DestuffedBits!C37*8+_DestuffedBits!C38*16+_DestuffedBits!C39*32+_DestuffedBits!C40*64+_DestuffedBits!C41*128)/2)<127),CHAR(INT((_DestuffedBits!C34*1+_DestuffedBits!C35*2+_DestuffedBits!C36*4+_DestuffedBits!C37*8+_DestuffedBits!C38*16+_DestuffedBits!C39*32+_DestuffedBits!C40*64+_DestuffedBits!C41*128)/2)),"?")&IF(AND(INT((_DestuffedBits!C42*1+_DestuffedBits!C43*2+_DestuffedBits!C44*4+_DestuffedBits!C45*8+_DestuffedBits!C46*16+_DestuffedBits!C47*32+_DestuffedBits!C48*64+_DestuffedBits!C49*128)/2)>=32,INT((_DestuffedBits!C42*1+_DestuffedBits!C43*2+_DestuffedBits!C44*4+_DestuffedBits!C45*8+_DestuffedBits!C46*16+_DestuffedBits!C47*32+_DestuffedBits!C48*64+_DestuffedBits!C49*128)/2)<127),CHAR(INT((_DestuffedBits!C42*1+_DestuffedBits!C43*2+_DestuffedBits!C44*4+_DestuffedBits!C45*8+_DestuffedBits!C46*16+_DestuffedBits!C47*32+_DestuffedBits!C48*64+_DestuffedBits!C49*128)/2)),"?")&"' (SSID byte=0x"&DEC2HEX(_DestuffedBits!C50*1+_DestuffedBits!C51*2+_DestuffedBits!C52*4+_DestuffedBits!C53*8+_DestuffedBits!C54*16+_DestuffedBits!C55*32+_DestuffedBits!C56*64+_DestuffedBits!C57*128,2)&")" | G2: expect 'BN0CU ' (>>1 of each byte, ground-test reference)
A3: HEADER | B3: Src Address | C3: 56 | D3: 56 | E3: =_DestuffedBits!C58&_DestuffedBits!C59&_DestuffedBits!C60&_DestuffedBits!C61&_DestuffedBits!C62&_DestuffedBits!C63&_DestuffedBits!C64&_DestuffedBits!C65&_DestuffedBits!C66&_DestuffedBits!C67&_DestuffedBits!C68&_DestuffedBits!C69&_DestuffedBits!C70&_DestuffedBits!C71&_DestuffedBits!C72&_DestuffedBits!C73&_DestuffedBits!C74&_DestuffedBits!C75&_DestuffedBits!C76&_DestuffedBits!C77&_DestuffedBits!C78&_DestuffedBits!C79&_DestuffedBits!C80&_DestuffedBits!C81&_DestuffedBits!C82&_DestuffedBits!C83&_DestuffedBits!C84&_DestuffedBits!C85&_DestuffedBits!C86&_DestuffedBits!C87&_DestuffedBits!C88&_DestuffedBits!C89&_DestuffedBits!C90&_DestuffedBits!C91&_DestuffedBits!C92&_DestuffedBits!C93&_DestuffedBits!C94&_DestuffedBits!C95&_DestuffedBits!C96&_DestuffedBits!C97&_DestuffedBits!C98&_DestuffedBits!C99&_DestuffedBits!C100&_DestuffedBits!C101&_DestuffedBits!C102&_DestuffedBits!C103&_DestuffedBits!C104&_DestuffedBits!C105&_DestuffedBits!C106&_DestuffedBits!C107&_DestuffedBits!C108&_DestuffedBits!C109&_DestuffedBits!C110&_DestuffedBits!C111&_DestuffedBits!C112&_DestuffedBits!C113 | F3: ="'"&IF(AND(INT((_DestuffedBits!C58*1+_DestuffedBits!C59*2+_DestuffedBits!C60*4+_DestuffedBits!C61*8+_DestuffedBits!C62*16+_DestuffedBits!C63*32+_DestuffedBits!C64*64+_DestuffedBits!C65*128)/2)>=32,INT((_DestuffedBits!C58*1+_DestuffedBits!C59*2+_DestuffedBits!C60*4+_DestuffedBits!C61*8+_DestuffedBits!C62*16+_DestuffedBits!C63*32+_DestuffedBits!C64*64+_DestuffedBits!C65*128)/2)<127),CHAR(INT((_DestuffedBits!C58*1+_DestuffedBits!C59*2+_DestuffedBits!C60*4+_DestuffedBits!C61*8+_DestuffedBits!C62*16+_DestuffedBits!C63*32+_DestuffedBits!C64*64+_DestuffedBits!C65*128)/2)),"?")&IF(AND(INT((_DestuffedBits!C66*1+_DestuffedBits!C67*2+_DestuffedBits!C68*4+_DestuffedBits!C69*8+_DestuffedBits!C70*16+_DestuffedBits!C71*32+_DestuffedBits!C72*64+_DestuffedBits!C73*128)/2)>=32,INT((_DestuffedBits!C66*1+_DestuffedBits!C67*2+_DestuffedBits!C68*4+_DestuffedBits!C69*8+_DestuffedBits!C70*16+_DestuffedBits!C71*32+_DestuffedBits!C72*64+_DestuffedBits!C73*128)/2)<127),CHAR(INT((_DestuffedBits!C66*1+_DestuffedBits!C67*2+_DestuffedBits!C68*4+_DestuffedBits!C69*8+_DestuffedBits!C70*16+_DestuffedBits!C71*32+_DestuffedBits!C72*64+_DestuffedBits!C73*128)/2)),"?")&IF(AND(INT((_DestuffedBits!C74*1+_DestuffedBits!C75*2+_DestuffedBits!C76*4+_DestuffedBits!C77*8+_DestuffedBits!C78*16+_DestuffedBits!C79*32+_DestuffedBits!C80*64+_DestuffedBits!C81*128)/2)>=32,INT((_DestuffedBits!C74*1+_DestuffedBits!C75*2+_DestuffedBits!C76*4+_DestuffedBits!C77*8+_DestuffedBits!C78*16+_DestuffedBits!C79*32+_DestuffedBits!C80*64+_DestuffedBits!C81*128)/2)<127),CHAR(INT((_DestuffedBits!C74*1+_DestuffedBits!C75*2+_DestuffedBits!C76*4+_DestuffedBits!C77*8+_DestuffedBits!C78*16+_DestuffedBits!C79*32+_DestuffedBits!C80*64+_DestuffedBits!C81*128)/2)),"?")&IF(AND(INT((_DestuffedBits!C82*1+_DestuffedBits!C83*2+_DestuffedBits!C84*4+_DestuffedBits!C85*8+_DestuffedBits!C86*16+_DestuffedBits!C87*32+_DestuffedBits!C88*64+_DestuffedBits!C89*128)/2)>=32,INT((_DestuffedBits!C82*1+_DestuffedBits!C83*2+_DestuffedBits!C84*4+_DestuffedBits!C85*8+_DestuffedBits!C86*16+_DestuffedBits!C87*32+_DestuffedBits!C88*64+_DestuffedBits!C89*128)/2)<127),CHAR(INT((_DestuffedBits!C82*1+_DestuffedBits!C83*2+_DestuffedBits!C84*4+_DestuffedBits!C85*8+_DestuffedBits!C86*16+_DestuffedBits!C87*32+_DestuffedBits!C88*64+_DestuffedBits!C89*128)/2)),"?")&IF(AND(INT((_DestuffedBits!C90*1+_DestuffedBits!C91*2+_DestuffedBits!C92*4+_DestuffedBits!C93*8+_DestuffedBits!C94*16+_DestuffedBits!C95*32+_DestuffedBits!C96*64+_DestuffedBits!C97*128)/2)>=32,INT((_DestuffedBits!C90*1+_DestuffedBits!C91*2+_DestuffedBits!C92*4+_DestuffedBits!C93*8+_DestuffedBits!C94*16+_DestuffedBits!C95*32+_DestuffedBits!C96*64+_DestuffedBits!C97*128)/2)<127),CHAR(INT((_DestuffedBits!C90*1+_DestuffedBits!C91*2+_DestuffedBits!C92*4+_DestuffedBits!C93*8+_DestuffedBits!C94*16+_DestuffedBits!C95*32+_DestuffedBits!C96*64+_DestuffedBits!C97*128)/2)),"?")&IF(AND(INT((_DestuffedBits!C98*1+_DestuffedBits!C99*2+_DestuffedBits!C100*4+_DestuffedBits!C101*8+_DestuffedBits!C102*16+_DestuffedBits!C103*32+_DestuffedBits!C104*64+_DestuffedBits!C105*128)/2)>=32,INT((_DestuffedBits!C98*1+_DestuffedBits!C99*2+_DestuffedBits!C100*4+_DestuffedBits!C101*8+_DestuffedBits!C102*16+_DestuffedBits!C103*32+_DestuffedBits!C104*64+_DestuffedBits!C105*128)/2)<127),CHAR(INT((_DestuffedBits!C98*1+_DestuffedBits!C99*2+_DestuffedBits!C100*4+_DestuffedBits!C101*8+_DestuffedBits!C102*16+_DestuffedBits!C103*32+_DestuffedBits!C104*64+_DestuffedBits!C105*128)/2)),"?")&"' (SSID byte=0x"&DEC2HEX(_DestuffedBits!C106*1+_DestuffedBits!C107*2+_DestuffedBits!C108*4+_DestuffedBits!C109*8+_DestuffedBits!C110*16+_DestuffedBits!C111*32+_DestuffedBits!C112*64+_DestuffedBits!C113*128,2)&")" | G3: expect 'BN0SCX' (>>1 of each byte, ground-test reference)
A4: HEADER | B4: Control | C4: 112 | D4: 8 | E4: =_DestuffedBits!C114&_DestuffedBits!C115&_DestuffedBits!C116&_DestuffedBits!C117&_DestuffedBits!C118&_DestuffedBits!C119&_DestuffedBits!C120&_DestuffedBits!C121 | F4: ="0x"&DEC2HEX(_DestuffedBits!C114*1+_DestuffedBits!C115*2+_DestuffedBits!C116*4+_DestuffedBits!C117*8+_DestuffedBits!C118*16+_DestuffedBits!C119*32+_DestuffedBits!C120*64+_DestuffedBits!C121*128,2) | G4: expect 0x03 (UI frame)
A5: HEADER | B5: PID | C5: 120 | D5: 8 | E5: =_DestuffedBits!C122&_DestuffedBits!C123&_DestuffedBits!C124&_DestuffedBits!C125&_DestuffedBits!C126&_DestuffedBits!C127&_DestuffedBits!C128&_DestuffedBits!C129 | F5: ="0x"&DEC2HEX(_DestuffedBits!C122*1+_DestuffedBits!C123*2+_DestuffedBits!C124*4+_DestuffedBits!C125*8+_DestuffedBits!C126*16+_DestuffedBits!C127*32+_DestuffedBits!C128*64+_DestuffedBits!C129*128,2) | G5: expect 0xF0 (no layer-3)
A6: FSW | B6: APID | C6: 0 | D6: 8 | E6: =_DestuffedBits!C130&_DestuffedBits!C131&_DestuffedBits!C132&_DestuffedBits!C133&_DestuffedBits!C134&_DestuffedBits!C135&_DestuffedBits!C136&_DestuffedBits!C137 | F6: =Fields!J2 | G6: =Fields!K2
A7: FSW | B7: First boot | C7: 8 | D7: 1 | E7: =_DestuffedBits!C138 | F7: =Fields!J3 | G7: =Fields!K3
A8: FSW | B8: Going to ADCS commission | C8: 9 | D8: 1 | E8: =_DestuffedBits!C139 | F8: =Fields!J4 | G8: =Fields!K4
A9: FSW | B9: adcs_commissioned | C9: 10 | D9: 1 | E9: =_DestuffedBits!C140 | F9: =Fields!J5 | G9: =Fields!K5
A10: FSW | B10: MAG | C10: 11 | D10: 1 | E10: =_DestuffedBits!C141 | F10: =Fields!J6 | G10: =Fields!K6
A11: FSW | B11: SP1 | C11: 12 | D11: 1 | E11: =_DestuffedBits!C142 | F11: =Fields!J7 | G11: =Fields!K7
A12: FSW | B12: SP2 | C12: 13 | D12: 1 | E12: =_DestuffedBits!C143 | F12: =Fields!J8 | G12: =Fields!K8
A13: FSW | B13: VHF | C13: 14 | D13: 1 | E13: =_DestuffedBits!C144 | F13: =Fields!J9 | G13: =Fields!K9
A14: FSW | B14: UHF | C14: 15 | D14: 1 | E14: =_DestuffedBits!C145 | F14: =Fields!J10 | G14: =Fields!K10
A15: FSW | B15: sys_state - factory reset | C15: 16 | D15: 1 | E15: =_DestuffedBits!C146 | F15: =Fields!J11 | G15: =Fields!K11
A16: FSW | B16: sys_state - reset | C16: 17 | D16: 1 | E16: =_DestuffedBits!C147 | F16: =Fields!J12 | G16: =Fields!K12
A17: FSW | B17: Main SD select | C17: 18 | D17: 1 | E17: =_DestuffedBits!C148 | F17: =Fields!J13 | G17: =Fields!K13
A18: FSW | B18: Nominal | C18: 19 | D18: 1 | E18: =_DestuffedBits!C149 | F18: =Fields!J14 | G18: =Fields!K14
A19: FSW | B19: (reserved) | C19: 20 | D19: 4 | E19: =_DestuffedBits!C150&_DestuffedBits!C151&_DestuffedBits!C152&_DestuffedBits!C153 | F19: =Fields!J15 | G19: =Fields!K15
A20: FSW | B20: OBC Time | C20: 24 | D20: 32 | E20: =_DestuffedBits!C154&_DestuffedBits!C155&_DestuffedBits!C156&_DestuffedBits!C157&_DestuffedBits!C158&_DestuffedBits!C159&_DestuffedBits!C160&_DestuffedBits!C161&_DestuffedBits!C162&_DestuffedBits!C163&_DestuffedBits!C164&_DestuffedBits!C165&_DestuffedBits!C166&_DestuffedBits!C167&_DestuffedBits!C168&_DestuffedBits!C169&_DestuffedBits!C170&_DestuffedBits!C171&_DestuffedBits!C172&_DestuffedBits!C173&_DestuffedBits!C174&_DestuffedBits!C175&_DestuffedBits!C176&_DestuffedBits!C177&_DestuffedBits!C178&_DestuffedBits!C179&_DestuffedBits!C180&_DestuffedBits!C181&_DestuffedBits!C182&_DestuffedBits!C183&_DestuffedBits!C184&_DestuffedBits!C185 | F20: =Fields!J16 | G20: =Fields!K16
A21: FSW | B21: Current Mode | C21: 56 | D21: 8 | E21: =_DestuffedBits!C186&_DestuffedBits!C187&_DestuffedBits!C188&_DestuffedBits!C189&_DestuffedBits!C190&_DestuffedBits!C191&_DestuffedBits!C192&_DestuffedBits!C193 | F21: =Fields!J17 | G21: =Fields!K17
A22: FSW | B22: EPS onoff state | C22: 64 | D22: 1 | E22: =_DestuffedBits!C194 | F22: =Fields!J18 | G22: =Fields!K18
A23: FSW | B23: ADCS onoff state | C23: 65 | D23: 1 | E23: =_DestuffedBits!C195 | F23: =Fields!J19 | G23: =Fields!K19
A24: FSW | B24: UHF onoff state | C24: 66 | D24: 1 | E24: =_DestuffedBits!C196 | F24: =Fields!J20 | G24: =Fields!K20
A25: FSW | B25: Xband onoff state | C25: 67 | D25: 1 | E25: =_DestuffedBits!C197 | F25: =Fields!J21 | G25: =Fields!K21
A26: FSW | B26: CIP onoff state | C26: 68 | D26: 1 | E26: =_DestuffedBits!C198 | F26: =Fields!J22 | G26: =Fields!K22
A27: FSW | B27: HyperSCAN onoff state | C27: 69 | D27: 1 | E27: =_DestuffedBits!C199 | F27: =Fields!J23 | G27: =Fields!K23
A28: FSW | B28: SEUV onoff state | C28: 70 | D28: 1 | E28: =_DestuffedBits!C200 | F28: =Fields!J24 | G28: =Fields!K24
A29: FSW | B29: APRS onoff state | C29: 71 | D29: 1 | E29: =_DestuffedBits!C201 | F29: =Fields!J25 | G29: =Fields!K25
A30: FSW | B30: FSW Reboot Count | C30: 72 | D30: 16 | E30: =_DestuffedBits!C202&_DestuffedBits!C203&_DestuffedBits!C204&_DestuffedBits!C205&_DestuffedBits!C206&_DestuffedBits!C207&_DestuffedBits!C208&_DestuffedBits!C209&_DestuffedBits!C210&_DestuffedBits!C211&_DestuffedBits!C212&_DestuffedBits!C213&_DestuffedBits!C214&_DestuffedBits!C215&_DestuffedBits!C216&_DestuffedBits!C217 | F30: =Fields!J26 | G30: =Fields!K26
A31: FSW | B31: CMD Accept Count | C31: 88 | D31: 16 | E31: =_DestuffedBits!C218&_DestuffedBits!C219&_DestuffedBits!C220&_DestuffedBits!C221&_DestuffedBits!C222&_DestuffedBits!C223&_DestuffedBits!C224&_DestuffedBits!C225&_DestuffedBits!C226&_DestuffedBits!C227&_DestuffedBits!C228&_DestuffedBits!C229&_DestuffedBits!C230&_DestuffedBits!C231&_DestuffedBits!C232&_DestuffedBits!C233 | F31: =Fields!J27 | G31: =Fields!K27
A32: FSW | B32: CMD Reject Count | C32: 104 | D32: 16 | E32: =_DestuffedBits!C234&_DestuffedBits!C235&_DestuffedBits!C236&_DestuffedBits!C237&_DestuffedBits!C238&_DestuffedBits!C239&_DestuffedBits!C240&_DestuffedBits!C241&_DestuffedBits!C242&_DestuffedBits!C243&_DestuffedBits!C244&_DestuffedBits!C245&_DestuffedBits!C246&_DestuffedBits!C247&_DestuffedBits!C248&_DestuffedBits!C249 | F32: =Fields!J28 | G32: =Fields!K28
A33: FSW | B33: Last packet send | C33: 120 | D33: 32 | E33: =_DestuffedBits!C250&_DestuffedBits!C251&_DestuffedBits!C252&_DestuffedBits!C253&_DestuffedBits!C254&_DestuffedBits!C255&_DestuffedBits!C256&_DestuffedBits!C257&_DestuffedBits!C258&_DestuffedBits!C259&_DestuffedBits!C260&_DestuffedBits!C261&_DestuffedBits!C262&_DestuffedBits!C263&_DestuffedBits!C264&_DestuffedBits!C265&_DestuffedBits!C266&_DestuffedBits!C267&_DestuffedBits!C268&_DestuffedBits!C269&_DestuffedBits!C270&_DestuffedBits!C271&_DestuffedBits!C272&_DestuffedBits!C273&_DestuffedBits!C274&_DestuffedBits!C275&_DestuffedBits!C276&_DestuffedBits!C277&_DestuffedBits!C278&_DestuffedBits!C279&_DestuffedBits!C280&_DestuffedBits!C281 | F33: =Fields!J29 | G33: =Fields!K29
A34: FSW | B34: Last packet send time | C34: 152 | D34: 32 | E34: =_DestuffedBits!C282&_DestuffedBits!C283&_DestuffedBits!C284&_DestuffedBits!C285&_DestuffedBits!C286&_DestuffedBits!C287&_DestuffedBits!C288&_DestuffedBits!C289&_DestuffedBits!C290&_DestuffedBits!C291&_DestuffedBits!C292&_DestuffedBits!C293&_DestuffedBits!C294&_DestuffedBits!C295&_DestuffedBits!C296&_DestuffedBits!C297&_DestuffedBits!C298&_DestuffedBits!C299&_DestuffedBits!C300&_DestuffedBits!C301&_DestuffedBits!C302&_DestuffedBits!C303&_DestuffedBits!C304&_DestuffedBits!C305&_DestuffedBits!C306&_DestuffedBits!C307&_DestuffedBits!C308&_DestuffedBits!C309&_DestuffedBits!C310&_DestuffedBits!C311&_DestuffedBits!C312&_DestuffedBits!C313 | F34: =Fields!J30 | G34: =Fields!K30
A35: FSW | B35: Last Accept CMD Time | C35: 184 | D35: 32 | E35: =_DestuffedBits!C314&_DestuffedBits!C315&_DestuffedBits!C316&_DestuffedBits!C317&_DestuffedBits!C318&_DestuffedBits!C319&_DestuffedBits!C320&_DestuffedBits!C321&_DestuffedBits!C322&_DestuffedBits!C323&_DestuffedBits!C324&_DestuffedBits!C325&_DestuffedBits!C326&_DestuffedBits!C327&_DestuffedBits!C328&_DestuffedBits!C329&_DestuffedBits!C330&_DestuffedBits!C331&_DestuffedBits!C332&_DestuffedBits!C333&_DestuffedBits!C334&_DestuffedBits!C335&_DestuffedBits!C336&_DestuffedBits!C337&_DestuffedBits!C338&_DestuffedBits!C339&_DestuffedBits!C340&_DestuffedBits!C341&_DestuffedBits!C342&_DestuffedBits!C343&_DestuffedBits!C344&_DestuffedBits!C345 | F35: =Fields!J31 | G35: =Fields!K31
A36: FSW | B36: Last Accept CMD Type OPCODE | C36: 216 | D36: 4 | E36: =_DestuffedBits!C346&_DestuffedBits!C347&_DestuffedBits!C348&_DestuffedBits!C349 | F36: =Fields!J32 | G36: =Fields!K32
A37: FSW | B37: Last Accept CMD Type APID | C37: 220 | D37: 4 | E37: =_DestuffedBits!C350&_DestuffedBits!C351&_DestuffedBits!C352&_DestuffedBits!C353 | F37: =Fields!J33 | G37: =Fields!K33
A38: FSW | B38: FSW static data addr | C38: 224 | D38: 32 | E38: =_DestuffedBits!C354&_DestuffedBits!C355&_DestuffedBits!C356&_DestuffedBits!C357&_DestuffedBits!C358&_DestuffedBits!C359&_DestuffedBits!C360&_DestuffedBits!C361&_DestuffedBits!C362&_DestuffedBits!C363&_DestuffedBits!C364&_DestuffedBits!C365&_DestuffedBits!C366&_DestuffedBits!C367&_DestuffedBits!C368&_DestuffedBits!C369&_DestuffedBits!C370&_DestuffedBits!C371&_DestuffedBits!C372&_DestuffedBits!C373&_DestuffedBits!C374&_DestuffedBits!C375&_DestuffedBits!C376&_DestuffedBits!C377&_DestuffedBits!C378&_DestuffedBits!C379&_DestuffedBits!C380&_DestuffedBits!C381&_DestuffedBits!C382&_DestuffedBits!C383&_DestuffedBits!C384&_DestuffedBits!C385 | F38: =Fields!J34 | G38: =Fields!K34
A39: FSW | B39: FSW dynamic data addr | C39: 256 | D39: 32 | E39: =_DestuffedBits!C386&_DestuffedBits!C387&_DestuffedBits!C388&_DestuffedBits!C389&_DestuffedBits!C390&_DestuffedBits!C391&_DestuffedBits!C392&_DestuffedBits!C393&_DestuffedBits!C394&_DestuffedBits!C395&_DestuffedBits!C396&_DestuffedBits!C397&_DestuffedBits!C398&_DestuffedBits!C399&_DestuffedBits!C400&_DestuffedBits!C401&_DestuffedBits!C402&_DestuffedBits!C403&_DestuffedBits!C404&_DestuffedBits!C405&_DestuffedBits!C406&_DestuffedBits!C407&_DestuffedBits!C408&_DestuffedBits!C409&_DestuffedBits!C410&_DestuffedBits!C411&_DestuffedBits!C412&_DestuffedBits!C413&_DestuffedBits!C414&_DestuffedBits!C415&_DestuffedBits!C416&_DestuffedBits!C417 | F39: =Fields!J35 | G39: =Fields!K35
A40: FSW | B40: SD Write Pointer Beacon | C40: 288 | D40: 32 | E40: =_DestuffedBits!C418&_DestuffedBits!C419&_DestuffedBits!C420&_DestuffedBits!C421&_DestuffedBits!C422&_DestuffedBits!C423&_DestuffedBits!C424&_DestuffedBits!C425&_DestuffedBits!C426&_DestuffedBits!C427&_DestuffedBits!C428&_DestuffedBits!C429&_DestuffedBits!C430&_DestuffedBits!C431&_DestuffedBits!C432&_DestuffedBits!C433&_DestuffedBits!C434&_DestuffedBits!C435&_DestuffedBits!C436&_DestuffedBits!C437&_DestuffedBits!C438&_DestuffedBits!C439&_DestuffedBits!C440&_DestuffedBits!C441&_DestuffedBits!C442&_DestuffedBits!C443&_DestuffedBits!C444&_DestuffedBits!C445&_DestuffedBits!C446&_DestuffedBits!C447&_DestuffedBits!C448&_DestuffedBits!C449 | F40: =Fields!J36 | G40: =Fields!K36
A41: FSW | B41: SD Write Pointer plCip | C41: 320 | D41: 32 | E41: =_DestuffedBits!C450&_DestuffedBits!C451&_DestuffedBits!C452&_DestuffedBits!C453&_DestuffedBits!C454&_DestuffedBits!C455&_DestuffedBits!C456&_DestuffedBits!C457&_DestuffedBits!C458&_DestuffedBits!C459&_DestuffedBits!C460&_DestuffedBits!C461&_DestuffedBits!C462&_DestuffedBits!C463&_DestuffedBits!C464&_DestuffedBits!C465&_DestuffedBits!C466&_DestuffedBits!C467&_DestuffedBits!C468&_DestuffedBits!C469&_DestuffedBits!C470&_DestuffedBits!C471&_DestuffedBits!C472&_DestuffedBits!C473&_DestuffedBits!C474&_DestuffedBits!C475&_DestuffedBits!C476&_DestuffedBits!C477&_DestuffedBits!C478&_DestuffedBits!C479&_DestuffedBits!C480&_DestuffedBits!C481 | F41: =Fields!J37 | G41: =Fields!K37
A42: FSW | B42: SD Write Pointer plSeuv | C42: 352 | D42: 32 | E42: =_DestuffedBits!C482&_DestuffedBits!C483&_DestuffedBits!C484&_DestuffedBits!C485&_DestuffedBits!C486&_DestuffedBits!C487&_DestuffedBits!C488&_DestuffedBits!C489&_DestuffedBits!C490&_DestuffedBits!C491&_DestuffedBits!C492&_DestuffedBits!C493&_DestuffedBits!C494&_DestuffedBits!C495&_DestuffedBits!C496&_DestuffedBits!C497&_DestuffedBits!C498&_DestuffedBits!C499&_DestuffedBits!C500&_DestuffedBits!C501&_DestuffedBits!C502&_DestuffedBits!C503&_DestuffedBits!C504&_DestuffedBits!C505&_DestuffedBits!C506&_DestuffedBits!C507&_DestuffedBits!C508&_DestuffedBits!C509&_DestuffedBits!C510&_DestuffedBits!C511&_DestuffedBits!C512&_DestuffedBits!C513 | F42: =Fields!J38 | G42: =Fields!K38
A43: FSW | B43: SD Write Pointer plHyperscan | C43: 384 | D43: 32 | E43: =_DestuffedBits!C514&_DestuffedBits!C515&_DestuffedBits!C516&_DestuffedBits!C517&_DestuffedBits!C518&_DestuffedBits!C519&_DestuffedBits!C520&_DestuffedBits!C521&_DestuffedBits!C522&_DestuffedBits!C523&_DestuffedBits!C524&_DestuffedBits!C525&_DestuffedBits!C526&_DestuffedBits!C527&_DestuffedBits!C528&_DestuffedBits!C529&_DestuffedBits!C530&_DestuffedBits!C531&_DestuffedBits!C532&_DestuffedBits!C533&_DestuffedBits!C534&_DestuffedBits!C535&_DestuffedBits!C536&_DestuffedBits!C537&_DestuffedBits!C538&_DestuffedBits!C539&_DestuffedBits!C540&_DestuffedBits!C541&_DestuffedBits!C542&_DestuffedBits!C543&_DestuffedBits!C544&_DestuffedBits!C545 | F43: =Fields!J39 | G43: =Fields!K39
A44: FSW | B44: SD Write Pointer AdcsDetailData | C44: 416 | D44: 32 | E44: =_DestuffedBits!C546&_DestuffedBits!C547&_DestuffedBits!C548&_DestuffedBits!C549&_DestuffedBits!C550&_DestuffedBits!C551&_DestuffedBits!C552&_DestuffedBits!C553&_DestuffedBits!C554&_DestuffedBits!C555&_DestuffedBits!C556&_DestuffedBits!C557&_DestuffedBits!C558&_DestuffedBits!C559&_DestuffedBits!C560&_DestuffedBits!C561&_DestuffedBits!C562&_DestuffedBits!C563&_DestuffedBits!C564&_DestuffedBits!C565&_DestuffedBits!C566&_DestuffedBits!C567&_DestuffedBits!C568&_DestuffedBits!C569&_DestuffedBits!C570&_DestuffedBits!C571&_DestuffedBits!C572&_DestuffedBits!C573&_DestuffedBits!C574&_DestuffedBits!C575&_DestuffedBits!C576&_DestuffedBits!C577 | F44: =Fields!J40 | G44: =Fields!K40
A45: FSW | B45: CMD Loss Timer | C45: 448 | D45: 32 | E45: =_DestuffedBits!C578&_DestuffedBits!C579&_DestuffedBits!C580&_DestuffedBits!C581&_DestuffedBits!C582&_DestuffedBits!C583&_DestuffedBits!C584&_DestuffedBits!C585&_DestuffedBits!C586&_DestuffedBits!C587&_DestuffedBits!C588&_DestuffedBits!C589&_DestuffedBits!C590&_DestuffedBits!C591&_DestuffedBits!C592&_DestuffedBits!C593&_DestuffedBits!C594&_DestuffedBits!C595&_DestuffedBits!C596&_DestuffedBits!C597&_DestuffedBits!C598&_DestuffedBits!C599&_DestuffedBits!C600&_DestuffedBits!C601&_DestuffedBits!C602&_DestuffedBits!C603&_DestuffedBits!C604&_DestuffedBits!C605&_DestuffedBits!C606&_DestuffedBits!C607&_DestuffedBits!C608&_DestuffedBits!C609 | F45: =Fields!J41 | G45: =Fields!K41
A46: FSW | B46: HyperScan xband write file number | C46: 480 | D46: 16 | E46: =_DestuffedBits!C610&_DestuffedBits!C611&_DestuffedBits!C612&_DestuffedBits!C613&_DestuffedBits!C614&_DestuffedBits!C615&_DestuffedBits!C616&_DestuffedBits!C617&_DestuffedBits!C618&_DestuffedBits!C619&_DestuffedBits!C620&_DestuffedBits!C621&_DestuffedBits!C622&_DestuffedBits!C623&_DestuffedBits!C624&_DestuffedBits!C625 | F46: =Fields!J42 | G46: =Fields!K42
A47: FSW | B47: SEUV xband write file number | C47: 496 | D47: 16 | E47: =_DestuffedBits!C626&_DestuffedBits!C627&_DestuffedBits!C628&_DestuffedBits!C629&_DestuffedBits!C630&_DestuffedBits!C631&_DestuffedBits!C632&_DestuffedBits!C633&_DestuffedBits!C634&_DestuffedBits!C635&_DestuffedBits!C636&_DestuffedBits!C637&_DestuffedBits!C638&_DestuffedBits!C639&_DestuffedBits!C640&_DestuffedBits!C641 | F47: =Fields!J43 | G47: =Fields!K43
A48: FSW | B48: Cip xband write file number | C48: 512 | D48: 16 | E48: =_DestuffedBits!C642&_DestuffedBits!C643&_DestuffedBits!C644&_DestuffedBits!C645&_DestuffedBits!C646&_DestuffedBits!C647&_DestuffedBits!C648&_DestuffedBits!C649&_DestuffedBits!C650&_DestuffedBits!C651&_DestuffedBits!C652&_DestuffedBits!C653&_DestuffedBits!C654&_DestuffedBits!C655&_DestuffedBits!C656&_DestuffedBits!C657 | F48: =Fields!J44 | G48: =Fields!K44
A49: ADCS | B49: ADCS Time | C49: 528 | D49: 32 | E49: =_DestuffedBits!C658&_DestuffedBits!C659&_DestuffedBits!C660&_DestuffedBits!C661&_DestuffedBits!C662&_DestuffedBits!C663&_DestuffedBits!C664&_DestuffedBits!C665&_DestuffedBits!C666&_DestuffedBits!C667&_DestuffedBits!C668&_DestuffedBits!C669&_DestuffedBits!C670&_DestuffedBits!C671&_DestuffedBits!C672&_DestuffedBits!C673&_DestuffedBits!C674&_DestuffedBits!C675&_DestuffedBits!C676&_DestuffedBits!C677&_DestuffedBits!C678&_DestuffedBits!C679&_DestuffedBits!C680&_DestuffedBits!C681&_DestuffedBits!C682&_DestuffedBits!C683&_DestuffedBits!C684&_DestuffedBits!C685&_DestuffedBits!C686&_DestuffedBits!C687&_DestuffedBits!C688&_DestuffedBits!C689 | F49: =Fields!J45 | G49: =Fields!K45
A50: ADCS | B50: ADCS Time Milliseconds | C50: 560 | D50: 16 | E50: =_DestuffedBits!C690&_DestuffedBits!C691&_DestuffedBits!C692&_DestuffedBits!C693&_DestuffedBits!C694&_DestuffedBits!C695&_DestuffedBits!C696&_DestuffedBits!C697&_DestuffedBits!C698&_DestuffedBits!C699&_DestuffedBits!C700&_DestuffedBits!C701&_DestuffedBits!C702&_DestuffedBits!C703&_DestuffedBits!C704&_DestuffedBits!C705 | F50: =Fields!J46 | G50: =Fields!K46
A51: ADCS | B51: ADCS 3V3 Current | C51: 576 | D51: 16 | E51: =_DestuffedBits!C706&_DestuffedBits!C707&_DestuffedBits!C708&_DestuffedBits!C709&_DestuffedBits!C710&_DestuffedBits!C711&_DestuffedBits!C712&_DestuffedBits!C713&_DestuffedBits!C714&_DestuffedBits!C715&_DestuffedBits!C716&_DestuffedBits!C717&_DestuffedBits!C718&_DestuffedBits!C719&_DestuffedBits!C720&_DestuffedBits!C721 | F51: =Fields!J47 | G51: =Fields!K47
A52: ADCS | B52: ADCS 5V Current | C52: 592 | D52: 16 | E52: =_DestuffedBits!C722&_DestuffedBits!C723&_DestuffedBits!C724&_DestuffedBits!C725&_DestuffedBits!C726&_DestuffedBits!C727&_DestuffedBits!C728&_DestuffedBits!C729&_DestuffedBits!C730&_DestuffedBits!C731&_DestuffedBits!C732&_DestuffedBits!C733&_DestuffedBits!C734&_DestuffedBits!C735&_DestuffedBits!C736&_DestuffedBits!C737 | F52: =Fields!J48 | G52: =Fields!K48
A53: ADCS | B53: ADCS Vbat Current | C53: 608 | D53: 16 | E53: =_DestuffedBits!C738&_DestuffedBits!C739&_DestuffedBits!C740&_DestuffedBits!C741&_DestuffedBits!C742&_DestuffedBits!C743&_DestuffedBits!C744&_DestuffedBits!C745&_DestuffedBits!C746&_DestuffedBits!C747&_DestuffedBits!C748&_DestuffedBits!C749&_DestuffedBits!C750&_DestuffedBits!C751&_DestuffedBits!C752&_DestuffedBits!C753 | F53: =Fields!J49 | G53: =Fields!K49
A54: ADCS | B54: ADCS MCU Temperature | C54: 624 | D54: 16 | E54: =_DestuffedBits!C754&_DestuffedBits!C755&_DestuffedBits!C756&_DestuffedBits!C757&_DestuffedBits!C758&_DestuffedBits!C759&_DestuffedBits!C760&_DestuffedBits!C761&_DestuffedBits!C762&_DestuffedBits!C763&_DestuffedBits!C764&_DestuffedBits!C765&_DestuffedBits!C766&_DestuffedBits!C767&_DestuffedBits!C768&_DestuffedBits!C769 | F54: =Fields!J50 | G54: =Fields!K50
A55: ADCS | B55: ADCS MAG Temperature | C55: 640 | D55: 16 | E55: =_DestuffedBits!C770&_DestuffedBits!C771&_DestuffedBits!C772&_DestuffedBits!C773&_DestuffedBits!C774&_DestuffedBits!C775&_DestuffedBits!C776&_DestuffedBits!C777&_DestuffedBits!C778&_DestuffedBits!C779&_DestuffedBits!C780&_DestuffedBits!C781&_DestuffedBits!C782&_DestuffedBits!C783&_DestuffedBits!C784&_DestuffedBits!C785 | F55: =Fields!J51 | G55: =Fields!K51
A56: ADCS | B56: ADCS Attitude Estimation Mode | C56: 656 | D56: 4 | E56: =_DestuffedBits!C786&_DestuffedBits!C787&_DestuffedBits!C788&_DestuffedBits!C789 | F56: =Fields!J52 | G56: =Fields!K52
A57: ADCS | B57: ADCS Control Mode | C57: 660 | D57: 4 | E57: =_DestuffedBits!C790&_DestuffedBits!C791&_DestuffedBits!C792&_DestuffedBits!C793 | F57: =Fields!J53 | G57: =Fields!K53
A58: ADCS | B58: ADCS Run Mode | C58: 664 | D58: 2 | E58: =_DestuffedBits!C794&_DestuffedBits!C795 | F58: =Fields!J54 | G58: =Fields!K54
A59: ADCS | B59: (reserved) | C59: 666 | D59: 6 | E59: =_DestuffedBits!C796&_DestuffedBits!C797&_DestuffedBits!C798&_DestuffedBits!C799&_DestuffedBits!C800&_DestuffedBits!C801 | F59: =Fields!J55 | G59: =Fields!K55
A60: ADCS | B60: ADCS CubeControl Signal | C60: 672 | D60: 1 | E60: =_DestuffedBits!C802 | F60: =Fields!J56 | G60: =Fields!K56
A61: ADCS | B61: ADCS CubeControl Motor | C61: 673 | D61: 1 | E61: =_DestuffedBits!C803 | F61: =Fields!J57 | G61: =Fields!K57
A62: ADCS | B62: ADCS CubeSense1 | C62: 674 | D62: 1 | E62: =_DestuffedBits!C804 | F62: =Fields!J58 | G62: =Fields!K58
A63: ADCS | B63: ADCS CubeSense2 | C63: 675 | D63: 1 | E63: =_DestuffedBits!C805 | F63: =Fields!J59 | G63: =Fields!K59
A64: ADCS | B64: ADCS CubeWheel1 | C64: 676 | D64: 1 | E64: =_DestuffedBits!C806 | F64: =Fields!J60 | G64: =Fields!K60
A65: ADCS | B65: ADCS CubeWheel2 | C65: 677 | D65: 1 | E65: =_DestuffedBits!C807 | F65: =Fields!J61 | G65: =Fields!K61
A66: ADCS | B66: ADCS CubeWheel3 | C66: 678 | D66: 1 | E66: =_DestuffedBits!C808 | F66: =Fields!J62 | G66: =Fields!K62
A67: ADCS | B67: ADCS CubeStar | C67: 679 | D67: 1 | E67: =_DestuffedBits!C809 | F67: =Fields!J63 | G67: =Fields!K63
A68: ADCS | B68: ADCS CubeSense1 Communications | C68: 680 | D68: 1 | E68: =_DestuffedBits!C810 | F68: =Fields!J64 | G68: =Fields!K64
A69: ADCS | B69: ADCS CubeSense2 Communications | C69: 681 | D69: 1 | E69: =_DestuffedBits!C811 | F69: =Fields!J65 | G69: =Fields!K65
A70: ADCS | B70: ADCS CubeControl Signal Communications | C70: 682 | D70: 1 | E70: =_DestuffedBits!C812 | F70: =Fields!J66 | G70: =Fields!K66
A71: ADCS | B71: ADCS CubeControl Motor Communications | C71: 683 | D71: 1 | E71: =_DestuffedBits!C813 | F71: =Fields!J67 | G71: =Fields!K67
... A91: ADCS | B91: ADCS Star Tracker Overcurrent Detected | C91: 703 | D91: 1 | E91: =_DestuffedBits!C833 | F91: =Fields!J87 | G91: =Fields!K87
A92: ADCS | B92: ADCS ECI referenced X coordinate | C92: 704 | D92: 16 | E92: =_DestuffedBits!C834&_DestuffedBits!C835&_DestuffedBits!C836&_DestuffedBits!C837&_DestuffedBits!C838&_DestuffedBits!C839&_DestuffedBits!C840&_DestuffedBits!C841&_DestuffedBits!C842&_DestuffedBits!C843&_DestuffedBits!C844&_DestuffedBits!C845&_DestuffedBits!C846&_DestuffedBits!C847&_DestuffedBits!C848&_DestuffedBits!C849 | F92: =Fields!J88 | G92: =Fields!K88
A93: ADCS | B93: ADCS ECI referenced Y coordinate | C93: 720 | D93: 16 | E93: =_DestuffedBits!C850&_DestuffedBits!C851&_DestuffedBits!C852&_DestuffedBits!C853&_DestuffedBits!C854&_DestuffedBits!C855&_DestuffedBits!C856&_DestuffedBits!C857&_DestuffedBits!C858&_DestuffedBits!C859&_DestuffedBits!C860&_DestuffedBits!C861&_DestuffedBits!C862&_DestuffedBits!C863&_DestuffedBits!C864&_DestuffedBits!C865 | F93: =Fields!J89 | G93: =Fields!K89
A94: ADCS | B94: ADCS ECI referenced Z coordinate | C94: 736 | D94: 16 | E94: =_DestuffedBits!C866&_DestuffedBits!C867&_DestuffedBits!C868&_DestuffedBits!C869&_DestuffedBits!C870&_DestuffedBits!C871&_DestuffedBits!C872&_DestuffedBits!C873&_DestuffedBits!C874&_DestuffedBits!C875&_DestuffedBits!C876&_DestuffedBits!C877&_DestuffedBits!C878&_DestuffedBits!C879&_DestuffedBits!C880&_DestuffedBits!C881 | F94: =Fields!J90 | G94: =Fields!K90
A95: ADCS | B95: ADCS X Angular Rate | C95: 752 | D95: 16 | E95: =_DestuffedBits!C882&_DestuffedBits!C883&_DestuffedBits!C884&_DestuffedBits!C885&_DestuffedBits!C886&_DestuffedBits!C887&_DestuffedBits!C888&_DestuffedBits!C889&_DestuffedBits!C890&_DestuffedBits!C891&_DestuffedBits!C892&_DestuffedBits!C893&_DestuffedBits!C894&_DestuffedBits!C895&_DestuffedBits!C896&_DestuffedBits!C897 | F95: =Fields!J91 | G95: =Fields!K91
A96: ADCS | B96: ADCS Y Angular Rate | C96: 768 | D96: 16 | E96: =_DestuffedBits!C898&_DestuffedBits!C899&_DestuffedBits!C900&_DestuffedBits!C901&_DestuffedBits!C902&_DestuffedBits!C903&_DestuffedBits!C904&_DestuffedBits!C905&_DestuffedBits!C906&_DestuffedBits!C907&_DestuffedBits!C908&_DestuffedBits!C909&_DestuffedBits!C910&_DestuffedBits!C911&_DestuffedBits!C912&_DestuffedBits!C913 | F96: =Fields!J92 | G96: =Fields!K92
A97: ADCS | B97: ADCS Z Angular Rate | C97: 784 | D97: 16 | E97: =_DestuffedBits!C914&_DestuffedBits!C915&_DestuffedBits!C916&_DestuffedBits!C917&_DestuffedBits!C918&_DestuffedBits!C919&_DestuffedBits!C920&_DestuffedBits!C921&_DestuffedBits!C922&_DestuffedBits!C923&_DestuffedBits!C924&_DestuffedBits!C925&_DestuffedBits!C926&_DestuffedBits!C927&_DestuffedBits!C928&_DestuffedBits!C929 | F97: =Fields!J93 | G97: =Fields!K93
A98: ADCS | B98: ADCS Estimated X angular rate | C98: 800 | D98: 16 | E98: =_DestuffedBits!C930&_DestuffedBits!C931&_DestuffedBits!C932&_DestuffedBits!C933&_DestuffedBits!C934&_DestuffedBits!C935&_DestuffedBits!C936&_DestuffedBits!C937&_DestuffedBits!C938&_DestuffedBits!C939&_DestuffedBits!C940&_DestuffedBits!C941&_DestuffedBits!C942&_DestuffedBits!C943&_DestuffedBits!C944&_DestuffedBits!C945 | F98: =Fields!J94 | G98: =Fields!K94
A99: ADCS | B99: ADCS Estimated Y angular rate | C99: 816 | D99: 16 | E99: =_DestuffedBits!C946&_DestuffedBits!C947&_DestuffedBits!C948&_DestuffedBits!C949&_DestuffedBits!C950&_DestuffedBits!C951&_DestuffedBits!C952&_DestuffedBits!C953&_DestuffedBits!C954&_DestuffedBits!C955&_DestuffedBits!C956&_DestuffedBits!C957&_DestuffedBits!C958&_DestuffedBits!C959&_DestuffedBits!C960&_DestuffedBits!C961 | F99: =Fields!J95 | G99: =Fields!K95
A100: ADCS | B100: ADCS Estimated Z angular rate | C100: 832 | D100: 16 | E100: =_DestuffedBits!C962&_DestuffedBits!C963&_DestuffedBits!C964&_DestuffedBits!C965&_DestuffedBits!C966&_DestuffedBits!C967&_DestuffedBits!C968&_DestuffedBits!C969&_DestuffedBits!C970&_DestuffedBits!C971&_DestuffedBits!C972&_DestuffedBits!C973&_DestuffedBits!C974&_DestuffedBits!C975&_DestuffedBits!C976&_DestuffedBits!C977 | F100: =Fields!J96 | G100: =Fields!K96
A101: ADCS | B101: ADCS Current steps | C101: 848 | D101: 4 | E101: =_DestuffedBits!C978&_DestuffedBits!C979&_DestuffedBits!C980&_DestuffedBits!C981 | F101: =Fields!J97 | G101: =Fields!K97
A102: ADCS | B102: (reserved) | C102: 852 | D102: 4 | E102: =_DestuffedBits!C982&_DestuffedBits!C983&_DestuffedBits!C984&_DestuffedBits!C985 | F102: =Fields!J98 | G102: =Fields!K98
A103: ADCS | B103: ADCS Sun Vector X | C103: 856 | D103: 16 | E103: =_DestuffedBits!C986&_DestuffedBits!C987&_DestuffedBits!C988&_DestuffedBits!C989&_DestuffedBits!C990&_DestuffedBits!C991&_DestuffedBits!C992&_DestuffedBits!C993&_DestuffedBits!C994&_DestuffedBits!C995&_DestuffedBits!C996&_DestuffedBits!C997&_DestuffedBits!C998&_DestuffedBits!C999&_DestuffedBits!C1000&_DestuffedBits!C1001 | F103: =Fields!J99 | G103: =Fields!K99
A104: ADCS | B104: ADCS Sun Vector Y | C104: 872 | D104: 16 | E104: =_DestuffedBits!C1002&_DestuffedBits!C1003&_DestuffedBits!C1004&_DestuffedBits!C1005&_DestuffedBits!C1006&_DestuffedBits!C1007&_DestuffedBits!C1008&_DestuffedBits!C1009&_DestuffedBits!C1010&_DestuffedBits!C1011&_DestuffedBits!C1012&_DestuffedBits!C1013&_DestuffedBits!C1014&_DestuffedBits!C1015&_DestuffedBits!C1016&_DestuffedBits!C1017 | F104: =Fields!J100 | G104: =Fields!K100
A105: ADCS | B105: ADCS Sun Vector Z | C105: 888 | D105: 16 | E105: =_DestuffedBits!C1018&_DestuffedBits!C1019&_DestuffedBits!C1020&_DestuffedBits!C1021&_DestuffedBits!C1022&_DestuffedBits!C1023&_DestuffedBits!C1024&_DestuffedBits!C1025&_DestuffedBits!C1026&_DestuffedBits!C1027&_DestuffedBits!C1028&_DestuffedBits!C1029&_DestuffedBits!C1030&_DestuffedBits!C1031&_DestuffedBits!C1032&_DestuffedBits!C1033 | F105: =Fields!J101 | G105: =Fields!K101
A106: ADCS | B106: ADCS Telecommand counter | C106: 904 | D106: 16 | E106: =_DestuffedBits!C1034&_DestuffedBits!C1035&_DestuffedBits!C1036&_DestuffedBits!C1037&_DestuffedBits!C1038&_DestuffedBits!C1039&_DestuffedBits!C1040&_DestuffedBits!C1041&_DestuffedBits!C1042&_DestuffedBits!C1043&_DestuffedBits!C1044&_DestuffedBits!C1045&_DestuffedBits!C1046&_DestuffedBits!C1047&_DestuffedBits!C1048&_DestuffedBits!C1049 | F106: =Fields!J102 | G106: =Fields!K102
A107: ADCS | B107: ADCS Telemetry request counter | C107: 920 | D107: 16 | E107: =_DestuffedBits!C1050&_DestuffedBits!C1051&_DestuffedBits!C1052&_DestuffedBits!C1053&_DestuffedBits!C1054&_DestuffedBits!C1055&_DestuffedBits!C1056&_DestuffedBits!C1057&_DestuffedBits!C1058&_DestuffedBits!C1059&_DestuffedBits!C1060&_DestuffedBits!C1061&_DestuffedBits!C1062&_DestuffedBits!C1063&_DestuffedBits!C1064&_DestuffedBits!C1065 | F107: =Fields!J103 | G107: =Fields!K103
A108: ADCS | B108: ADCS Last TC ID | C108: 936 | D108: 8 | E108: =_DestuffedBits!C1066&_DestuffedBits!C1067&_DestuffedBits!C1068&_DestuffedBits!C1069&_DestuffedBits!C1070&_DestuffedBits!C1071&_DestuffedBits!C1072&_DestuffedBits!C1073 | F108: =Fields!J104 | G108: =Fields!K104
A109: ADCS | B109: ADCS Processed flag | C109: 944 | D109: 1 | E109: =_DestuffedBits!C1074 | F109: =Fields!J105 | G109: =Fields!K105
A110: ADCS | B110: ADCS TC error status | C110: 945 | D110: 4 | E110: =_DestuffedBits!C1075&_DestuffedBits!C1076&_DestuffedBits!C1077&_DestuffedBits!C1078 | F110: =Fields!J106 | G110: =Fields!K106
A111: ADCS | B111: (reserved) | C111: 949 | D111: 3 | E111: =_DestuffedBits!C1079&_DestuffedBits!C1080&_DestuffedBits!C1081 | F111: =Fields!J107 | G111: =Fields!K107
A112: ADCS | B112: ADCS TC parameter error index | C112: 952 | D112: 8 | E112: =_DestuffedBits!C1082&_DestuffedBits!C1083&_DestuffedBits!C1084&_DestuffedBits!C1085&_DestuffedBits!C1086&_DestuffedBits!C1087&_DestuffedBits!C1088&_DestuffedBits!C1089 | F112: =Fields!J108 | G112: =Fields!K108
A113: ADCS | B113: ADCS X Wheel Speed | C113: 960 | D113: 16 | E113: =_DestuffedBits!C1090&_DestuffedBits!C1091&_DestuffedBits!C1092&_DestuffedBits!C1093&_DestuffedBits!C1094&_DestuffedBits!C1095&_DestuffedBits!C1096&_DestuffedBits!C1097&_DestuffedBits!C1098&_DestuffedBits!C1099&_DestuffedBits!C1100&_DestuffedBits!C1101&_DestuffedBits!C1102&_DestuffedBits!C1103&_DestuffedBits!C1104&_DestuffedBits!C1105 | F113: =Fields!J109 | G113: =Fields!K109
A114: ADCS | B114: ADCS Y Wheel Speed | C114: 976 | D114: 16 | E114: =_DestuffedBits!C1106&_DestuffedBits!C1107&_DestuffedBits!C1108&_DestuffedBits!C1109&_DestuffedBits!C1110&_DestuffedBits!C1111&_DestuffedBits!C1112&_DestuffedBits!C1113&_DestuffedBits!C1114&_DestuffedBits!C1115&_DestuffedBits!C1116&_DestuffedBits!C1117&_DestuffedBits!C1118&_DestuffedBits!C1119&_DestuffedBits!C1120&_DestuffedBits!C1121 | F114: =Fields!J110 | G114: =Fields!K110
A115: ADCS | B115: ADCS Z Wheel Speed | C115: 992 | D115: 16 | E115: =_DestuffedBits!C1122&_DestuffedBits!C1123&_DestuffedBits!C1124&_DestuffedBits!C1125&_DestuffedBits!C1126&_DestuffedBits!C1127&_DestuffedBits!C1128&_DestuffedBits!C1129&_DestuffedBits!C1130&_DestuffedBits!C1131&_DestuffedBits!C1132&_DestuffedBits!C1133&_DestuffedBits!C1134&_DestuffedBits!C1135&_DestuffedBits!C1136&_DestuffedBits!C1137 | F115: =Fields!J111 | G115: =Fields!K111
A116: ADCS | B116: ADCS eclipse Sun is Above Local Horizon | C116: 1008 | D116: 1 | E116: =_DestuffedBits!C1138 | F116: =Fields!J112 | G116: =Fields!K112
A117: ADCS | B117: (reserved) | C117: 1009 | D117: 7 | E117: =_DestuffedBits!C1139&_DestuffedBits!C1140&_DestuffedBits!C1141&_DestuffedBits!C1142&_DestuffedBits!C1143&_DestuffedBits!C1144&_DestuffedBits!C1145 | F117: =Fields!J113 | G117: =Fields!K113
A118: COMM | B118: UHF Temperature | C118: 1016 | D118: 8 | E118: =_DestuffedBits!C1146&_DestuffedBits!C1147&_DestuffedBits!C1148&_DestuffedBits!C1149&_DestuffedBits!C1150&_DestuffedBits!C1151&_DestuffedBits!C1152&_DestuffedBits!C1153 | F118: =Fields!J114 | G118: =Fields!K114
A119: COMM | B119: UHF SWD Function | C119: 1024 | D119: 1 | E119: =_DestuffedBits!C1154 | F119: =Fields!J115 | G119: =Fields!K115
...

Sheet CRC_Check
A1: Computed CRC-16/X.25 over destuffed payload bits (positions 1..2176): | B1: =DEC2HEX(_xlfn.BITXOR(G2182,65535),4)
A2: Transmitted FCS (destuffed positions 2177..2192, little-endian): | B2: =DEC2HEX(D2,4) | D2: =E2+F2*256 | E2: =_DestuffedBits!C2178*1+_DestuffedBits!C2179*2+_DestuffedBits!C2180*4+_DestuffedBits!C2181*8+_DestuffedBits!C2182*16+_DestuffedBits!C2183*32+_DestuffedBits!C2184*64+_DestuffedBits!C2185*128 | F2: =_DestuffedBits!C2186*1+_DestuffedBits!C2187*2+_DestuffedBits!C2188*4+_DestuffedBits!C2189*8+_DestuffedBits!C2190*16+_DestuffedBits!C2191*32+_DestuffedBits!C2192*64+_DestuffedBits!C2193*128
A3: CRC check: | B3: =IF(B1=B2,"PASS","FAIL")
A5: BitPos(payload) | B5: PayloadBit | C5: crc_prev | D5: lsb | E5: shifted | F5: xorflag | G5: crc_new
A6: 0 | G6: 65535
A7: 1 | B7: =_DestuffedBits!C2 | C7: =G6 | D7: =_xlfn.BITAND(C7,1) | E7: =_xlfn.BITRSHIFT(C7,1) | F7: =_xlfn.BITXOR(D7,B7) | G7: =IF(F7=1,_xlfn.BITXOR(E7,33800),E7)
A8: 2 | B8: =_DestuffedBits!C3 | C8: =G7 | D8: =_xlfn.BITAND(C8,1) | E8: =_xlfn.BITRSHIFT(C8,1) | F8: =_xlfn.BITXOR(D8,B8) | G8: =IF(F8=1,_xlfn.BITXOR(E8,33800),E8)
A9: 3 | B9: =_DestuffedBits!C4 | C9: =G8 | D9: =_xlfn.BITAND(C9,1) | E9: =_xlfn.BITRSHIFT(C9,1) | F9: =_xlfn.BITXOR(D9,B9) | G9: =IF(F9=1,_xlfn.BITXOR(E9,33800),E9)
A10: 4 | B10: =_DestuffedBits!C5 | C10: =G9 | D10: =_xlfn.BITAND(C10,1) | E10: =_xlfn.BITRSHIFT(C10,1) | F10: =_xlfn.BITXOR(D10,B10) | G10: =IF(F10=1,_xlfn.BITXOR(E10,33800),E10)
A11: 5 | B11: =_DestuffedBits!C6 | C11: =G10 | D11: =_xlfn.BITAND(C11,1) | E11: =_xlfn.BITRSHIFT(C11,1) | F11: =_xlfn.BITXOR(D11,B11) | G11: =IF(F11=1,_xlfn.BITXOR(E11,33800),E11)
A12: 6 | B12: =_DestuffedBits!C7 | C12: =G11 | D12: =_xlfn.BITAND(C12,1) | E12: =_xlfn.BITRSHIFT(C12,1) | F12: =_xlfn.BITXOR(D12,B12) | G12: =IF(F12=1,_xlfn.BITXOR(E12,33800),E12)
A13: 7 | B13: =_DestuffedBits!C8 | C13: =G12 | D13: =_xlfn.BITAND(C13,1) | E13: =_xlfn.BITRSHIFT(C13,1) | F13: =_xlfn.BITXOR(D13,B13) | G13: =IF(F13=1,_xlfn.BITXOR(E13,33800),E13)
A14: 8 | B14: =_DestuffedBits!C9 | C14: =G13 | D14: =_xlfn.BITAND(C14,1) | E14: =_xlfn.BITRSHIFT(C14,1) | F14: =_xlfn.BITXOR(D14,B14) | G14: =IF(F14=1,_xlfn.BITXOR(E14,33800),E14)
A15: 9 | B15: =_DestuffedBits!C10 | C15: =G14 | D15: =_xlfn.BITAND(C15,1) | E15: =_xlfn.BITRSHIFT(C15,1) | F15: =_xlfn.BITXOR(D15,B15) | G15: =IF(F15=1,_xlfn.BITXOR(E15,33800),E15)
A16: 10 | B16: =_DestuffedBits!C11 | C16: =G15 | D16: =_xlfn.BITAND(C16,1) | E16: =_xlfn.BITRSHIFT(C16,1) | F16: =_xlfn.BITXOR(D16,B16) | G16: =IF(F16=1,_xlfn.BITXOR(E16,33800),E16)
A17: 11 | B17: =_DestuffedBits!C12 | C17: =G16 | D17: =_xlfn.BITAND(C17,1) | E17: =_xlfn.BITRSHIFT(C17,1) | F17: =_xlfn.BITXOR(D17,B17) | G17: =IF(F17=1,_xlfn.BITXOR(E17,33800),E17)
A18: 12 | B18: =_DestuffedBits!C13 | C18: =G17 | D18: =_xlfn.BITAND(C18,1) | E18: =_xlfn.BITRSHIFT(C18,1) | F18: =_xlfn.BITXOR(D18,B18) | G18: =IF(F18=1,_xlfn.BITXOR(E18,33800),E18)
... A2182: 2176 | B2182: =_DestuffedBits!C2177 | C2182: =G2181 | D2182: =_xlfn.BITAND(C2182,1) | E2182: =_xlfn.BITRSHIFT(C2182,1) | F2182: =_xlfn.BITXOR(D2182,B2182) | G2182: =IF(F2182=1,_xlfn.BITXOR(E2182,33800),E2182)

Sheet Fields
A1: FieldIndex | B1: Subsystem | C1: ItemName | D1: OffsetBit(Info) | E1: BitLen | F1: Endian | G1: DType | H1: RawUnsigned | I1: Value(signed/float) | J1: ReadableValue | K1: LookupTable
A2: 0 | B2: FSW | C2: APID | D2: 0 | E2: 8 | F2: BE | G2: uint8_t | H2: =_DestuffedBits!C130*128+_DestuffedBits!C131*64+_DestuffedBits!C132*32+_DestuffedBits!C133*16+_DestuffedBits!C134*8+_DestuffedBits!C135*4+_DestuffedBits!C136*2+_DestuffedBits!C137*1 | I2: =H2 | J2: =I2 | K2: -
A3: 1 | B3: FSW | C3: First boot | D3: 8 | E3: 1 | F3: BE | G3: uint8_t | H3: =_DestuffedBits!C138*1 | I3: =H3 | J3: =IF(H3=0,"OFF",IF(H3=1,"ON",H3&" (unlisted)")) | K3: (assumed 0=OFF/1=ON, no field-specific description)
A4: 2 | B4: FSW | C4: Going to ADCS commission | D4: 9 | E4: 1 | F4: BE | G4: uint8_t | H4: =_DestuffedBits!C139*1 | I4: =H4 | J4: =IF(H4=0,"OFF",IF(H4=1,"ON",H4&" (unlisted)")) | K4: (assumed 0=OFF/1=ON, no field-specific description)
A5: 3 | B5: FSW | C5: adcs_commissioned | D5: 10 | E5: 1 | F5: BE | G5: uint8_t | H5: =_DestuffedBits!C140*1 | I5: =H5 | J5: =IF(H5=0,"OFF",IF(H5=1,"ON",H5&" (unlisted)")) | K5: (assumed 0=OFF/1=ON, no field-specific description)
A6: 4 | B6: FSW | C6: MAG | D6: 11 | E6: 1 | F6: BE | G6: uint8_t | H6: =_DestuffedBits!C141*1 | I6: =H6 | J6: =IF(H6=0,"OFF",IF(H6=1,"ON",H6&" (unlisted)")) | K6: (assumed 0=OFF/1=ON, no field-specific description)
A7: 5 | B7: FSW | C7: SP1 | D7: 12 | E7: 1 | F7: BE | G7: uint8_t | H7: =_DestuffedBits!C142*1 | I7: =H7 | J7: =IF(H7=0,"OFF",IF(H7=1,"ON",H7&" (unlisted)")) | K7: (assumed 0=OFF/1=ON, no field-specific description)
A8: 6 | B8: FSW | C8: SP2 | D8: 13 | E8: 1 | F8: BE | G8: uint8_t | H8: =_DestuffedBits!C143*1 | I8: =H8 | J8: =IF(H8=0,"OFF",IF(H8=1,"ON",H8&" (unlisted)")) | K8: (assumed 0=OFF/1=ON, no field-specific description)
A9: 7 | B9: FSW | C9: VHF | D9: 14 | E9: 1 | F9: BE | G9: uint8_t | H9: =_DestuffedBits!C144*1 | I9: =H9 | J9: =IF(H9=0,"OFF",IF(H9=1,"ON",H9&" (unlisted)")) | K9: (assumed 0=OFF/1=ON, no field-specific description)
A10: 8 | B10: FSW | C10: UHF | D10: 15 | E10: 1 | F10: BE | G10: uint8_t | H10: =_DestuffedBits!C145*1 | I10: =H10 | J10: =IF(H10=0,"OFF",IF(H10=1,"ON",H10&" (unlisted)")) | K10: (assumed 0=OFF/1=ON, no field-specific description)
A11: 9 | B11: FSW | C11: sys_state - factory reset | D11: 16 | E11: 1 | F11: BE | G11: uint8_t | H11: =_DestuffedBits!C146*1 | I11: =H11 | J11: =IF(H11=0,"OFF",IF(H11=1,"ON",H11&" (unlisted)")) | K11: (assumed 0=OFF/1=ON, no field-specific description)
A12: 10 | B12: FSW | C12: sys_state - reset | D12: 17 | E12: 1 | F12: BE | G12: uint8_t | H12: =_DestuffedBits!C147*1 | I12: =H12 | J12: =IF(H12=0,"OFF",IF(H12=1,"ON",H12&" (unlisted)")) | K12: (assumed 0=OFF/1=ON, no field-specific description)
A13: 11 | B13: FSW | C13: Main SD select | D13: 18 | E13: 1 | F13: BE | G13: uint8_t | H13: =_DestuffedBits!C148*1 | I13: =H13 | J13: =IF(H13=0,"OFF",IF(H13=1,"ON",H13&" (unlisted)")) | K13: (assumed 0=OFF/1=ON, no field-specific description)
A14: 12 | B14: FSW | C14: Nominal | D14: 19 | E14: 1 | F14: BE | G14: uint8_t | H14: =_DestuffedBits!C149*1 | I14: =H14 | J14: =IF(H14=0,"containgency state(safe, phoneix)",IF(H14=1,"nominal state(charging, COMM, SCI)",H14&" (unlisted)")) | K14: 1: nominal state(charging, COMM, SCI), 0: containgency state(safe, phoneix)
A15: 13 | B15: FSW | C15: (reserved) | D15: 20 | E15: 4 | F15: BE | G15: uint8_t | H15: =_DestuffedBits!C150*8+_DestuffedBits!C151*4+_DestuffedBits!C152*2+_DestuffedBits!C153*1 | I15: =H15 | J15: =I15 | K15: -
A16: 14 | B16: FSW | C16: OBC Time | D16: 24 | E16: 32 | F16: LE | G16: uint32_t | H16: =_DestuffedBits!C154*128+_DestuffedBits!C155*64+_DestuffedBits!C156*32+_DestuffedBits!C157*16+_DestuffedBits!C158*8+_DestuffedBits!C159*4+_DestuffedBits!C160*2+_DestuffedBits!C161*1+_DestuffedBits!C162*32768+_DestuffedBits!C163*16384+_DestuffedBits!C164*8192+_DestuffedBits!C165*4096+_DestuffedBits!C166*2048+_DestuffedBits!C167*1024+_DestuffedBits!C168*512+_DestuffedBits!C169*256+_DestuffedBits!C170*8388608+_DestuffedBits!C171*4194304+_DestuffedBits!C172*2097152+_DestuffedBits!C173*1048576+_DestuffedBits!C174*524288+_DestuffedBits!C175*262144+_DestuffedBits!C176*131072+_DestuffedBits!C177*65536+_DestuffedBits!C178*2147483648+_DestuffedBits!C179*1073741824+_DestuffedBits!C180*536870912+_DestuffedBits!C181*268435456+_DestuffedBits!C182*134217728+_DestuffedBits!C183*67108864+_DestuffedBits!C184*33554432+_DestuffedBits!C185*16777216 | I16: =H16 | J16: =I16&" s" | K16: transform:obc_time {'unit': 's', 'display_format': 'YYYY-MM-DD HH:mm:ss', 'timezone': 'Asia/Taipei', 'offset_hours': 8}
A17: 15 | B17: FSW | C17: Current Mode | D17: 56 | E17: 8 | F17: BE | G17: uint8_t | H17: =_DestuffedBits!C186*128+_DestuffedBits!C187*64+_DestuffedBits!C188*32+_DestuffedBits!C189*16+_DestuffedBits!C190*8+_DestuffedBits!C191*4+_DestuffedBits!C192*2+_DestuffedBits!C193*1 | I17: =H17 | J17: =IF(H17=0,"Phoenix Mode",IF(H17=1,"Safe Mode",IF(H17=2,"Charging Mode",IF(H17=3,"Communication Xband Mode",IF(H17=10,"Science HyperSCAN Mode",IF(H17=11,"Science CIP Mode",IF(H17=255,"Reentry Mode",H17&" (unlisted)"))))))) | K17: Operation Mode Defined (hex. value): / 0 - Phoenix Mode / 1 - Safe Mode / 2 - Charging Mode / 3 - Communication Xband Mode / A - Science HyperSCAN Mode / B - Science CIP Mode / FF - Reentry Mode
A18: 16 | B18: FSW | C18: EPS onoff state | D18: 64 | E18: 1 | F18: BE | G18: uint8_t | H18: =_DestuffedBits!C194*1 | I18: =H18 | J18: =IF(H18=0,"off",IF(H18=1,"on",H18&" (unlisted)")) | K18: 0:off/1:on
A19: 17 | B19: FSW | C19: ADCS onoff state | D19: 65 | E19: 1 | F19: BE | G19: uint8_t | H19: =_DestuffedBits!C195*1 | I19: =H19 | J19: =IF(H19=0,"off",IF(H19=1,"on",H19&" (unlisted)")) | K19: 0:off/1:on
A20: 18 | B20: FSW | C20: UHF onoff state | D20: 66 | E20: 1 | F20: BE | G20: uint8_t | H20: =_DestuffedBits!C196*1 | I20: =H20 | J20: =IF(H20=0,"off",IF(H20=1,"on",H20&" (unlisted)")) | K20: 0:off/1:on
A21: 19 | B21: FSW | C21: Xband onoff state | D21: 67 | E21: 1 | F21: BE | G21: uint8_t | H21: =_DestuffedBits!C197*1 | I21: =H21 | J21: =IF(H21=0,"off",IF(H21=1,"on",H21&" (unlisted)")) | K21: 0:off/1:on
A22: 20 | B22: FSW | C22: CIP onoff state | D22: 68 | E22: 1 | F22: BE | G22: uint8_t | H22: =_DestuffedBits!C198*1 | I22: =H22 | J22: =IF(H22=0,"off",IF(H22=1,"on",H22&" (unlisted)")) | K22: 0:off/1:on
A23: 21 | B23: FSW | C23: HyperSCAN onoff state | D23: 69 | E23: 1 | F23: BE | G23: uint8_t | H23: =_DestuffedBits!C199*1 | I23: =H23 | J23: =IF(H23=0,"off",IF(H23=1,"on",H23&" (unlisted)")) | K23: 0:off/1:on
A24: 22 | B24: FSW | C24: SEUV onoff state | D24: 70 | E24: 1 | F24: BE | G24: uint8_t | H24: =_DestuffedBits!C200*1 | I24: =H24 | J24: =IF(H24=0,"off",IF(H24=1,"on",H24&" (unlisted)")) | K24: 0:off/1:on
A25: 23 | B25: FSW | C25: APRS onoff state | D25: 71 | E25: 1 | F25: BE | G25: uint8_t | H25: =_DestuffedBits!C201*1 | I25: =H25 | J25: =IF(H25=0,"off",IF(H25=1,"on",H25&" (unlisted)")) | K25: 0:off/1:on
A26: 24 | B26: FSW | C26: FSW Reboot Count | D26: 72 | E26: 16 | F26: LE | G26: uint16_t | H26: =_DestuffedBits!C202*128+_DestuffedBits!C203*64+_DestuffedBits!C204*32+_DestuffedBits!C205*16+_DestuffedBits!C206*8+_DestuffedBits!C207*4+_DestuffedBits!C208*2+_DestuffedBits!C209*1+_DestuffedBits!C210*32768+_DestuffedBits!C211*16384+_DestuffedBits!C212*8192+_DestuffedBits!C213*4096+_DestuffedBits!C214*2048+_DestuffedBits!C215*1024+_DestuffedBits!C216*512+_DestuffedBits!C217*256 | I26: =H26 | J26: =I26 | K26: -
A27: 25 | B27: FSW | C27: CMD Accept Count | D27: 88 | E27: 16 | F27: LE | G27: uint16_t | H27: =_DestuffedBits!C218*128+_DestuffedBits!C219*64+_DestuffedBits!C220*32+_DestuffedBits!C221*16+_DestuffedBits!C222*8+_DestuffedBits!C223*4+_DestuffedBits!C224*2+_DestuffedBits!C225*1+_DestuffedBits!C226*32768+_DestuffedBits!C227*16384+_DestuffedBits!C228*8192+_DestuffedBits!C229*4096+_DestuffedBits!C230*2048+_DestuffedBits!C231*1024+_DestuffedBits!C232*512+_DestuffedBits!C233*256 | I27: =H27 | J27: =I27 | K27: -
A28: 26 | B28: FSW | C28: CMD Reject Count | D28: 104 | E28: 16 | F28: LE | G28: uint16_t | H28: =_DestuffedBits!C234*128+_DestuffedBits!C235*64+_DestuffedBits!C236*32+_DestuffedBits!C237*16+_DestuffedBits!C238*8+_DestuffedBits!C239*4+_DestuffedBits!C240*2+_DestuffedBits!C241*1+_DestuffedBits!C242*32768+_DestuffedBits!C243*16384+_DestuffedBits!C244*8192+_DestuffedBits!C245*4096+_DestuffedBits!C246*2048+_DestuffedBits!C247*1024+_DestuffedBits!C248*512+_DestuffedBits!C249*256 | I28: =H28 | J28: =I28 | K28: -
A29: 27 | B29: FSW | C29: Last packet send | D29: 120 | E29: 32 | F29: LE | G29: uint32_t | H29: =_DestuffedBits!C250*128+_DestuffedBits!C251*64+_DestuffedBits!C252*32+_DestuffedBits!C253*16+_DestuffedBits!C254*8+_DestuffedBits!C255*4+_DestuffedBits!C256*2+_DestuffedBits!C257*1+_DestuffedBits!C258*32768+_DestuffedBits!C259*16384+_DestuffedBits!C260*8192+_DestuffedBits!C261*4096+_DestuffedBits!C262*2048+_DestuffedBits!C263*1024+_DestuffedBits!C264*512+_DestuffedBits!C265*256+_DestuffedBits!C266*8388608+_DestuffedBits!C267*4194304+_DestuffedBits!C268*2097152+_DestuffedBits!C269*1048576+_DestuffedBits!C270*524288+_DestuffedBits!C271*262144+_DestuffedBits!C272*131072+_DestuffedBits!C273*65536+_DestuffedBits!C274*2147483648+_DestuffedBits!C275*1073741824+_DestuffedBits!C276*536870912+_DestuffedBits!C277*268435456+_DestuffedBits!C278*134217728+_DestuffedBits!C279*67108864+_DestuffedBits!C280*33554432+_DestuffedBits!C281*16777216 | I29: =H29 | J29: =I29 | K29: -
A30: 28 | B30: FSW | C30: Last packet send time | D30: 152 | E30: 32 | F30: LE | G30: uint32_t | H30: =_DestuffedBits!C282*128+_DestuffedBits!C283*64+_DestuffedBits!C284*32+_DestuffedBits!C285*16+_DestuffedBits!C286*8+_DestuffedBits!C287*4+_DestuffedBits!C288*2+_DestuffedBits!C289*1+_DestuffedBits!C290*32768+_DestuffedBits!C291*16384+_DestuffedBits!C292*8192+_DestuffedBits!C293*4096+_DestuffedBits!C294*2048+_DestuffedBits!C295*1024+_DestuffedBits!C296*512+_DestuffedBits!C297*256+_DestuffedBits!C298*8388608+_DestuffedBits!C299*4194304+_DestuffedBits!C300*2097152+_DestuffedBits!C301*1048576+_DestuffedBits!C302*524288+_DestuffedBits!C303*262144+_DestuffedBits!C304*131072+_DestuffedBits!C305*65536+_DestuffedBits!C306*2147483648+_DestuffedBits!C307*1073741824+_DestuffedBits!C308*536870912+_DestuffedBits!C309*268435456+_DestuffedBits!C310*134217728+_DestuffedBits!C311*67108864+_DestuffedBits!C312*33554432+_DestuffedBits!C313*16777216 | I30: =H30 | J30: =I30 | K30: -
A31: 29 | B31: FSW | C31: Last Accept CMD Time | D31: 184 | E31: 32 | F31: LE | G31: uint32_t | H31: =_DestuffedBits!C314*128+_DestuffedBits!C315*64+_DestuffedBits!C316*32+_DestuffedBits!C317*16+_DestuffedBits!C318*8+_DestuffedBits!C319*4+_DestuffedBits!C320*2+_DestuffedBits!C321*1+_DestuffedBits!C322*32768+_DestuffedBits!C323*16384+_DestuffedBits!C324*8192+_DestuffedBits!C325*4096+_DestuffedBits!C326*2048+_DestuffedBits!C327*1024+_DestuffedBits!C328*512+_DestuffedBits!C329*256+_DestuffedBits!C330*8388608+_DestuffedBits!C331*4194304+_DestuffedBits!C332*2097152+_DestuffedBits!C333*1048576+_DestuffedBits!C334*524288+_DestuffedBits!C335*262144+_DestuffedBits!C336*131072+_DestuffedBits!C337*65536+_DestuffedBits!C338*2147483648+_DestuffedBits!C339*1073741824+_DestuffedBits!C340*536870912+_DestuffedBits!C341*268435456+_DestuffedBits!C342*134217728+_DestuffedBits!C343*67108864+_DestuffedBits!C344*33554432+_DestuffedBits!C345*16777216 | I31: =H31 | J31: =I31 | K31: -
A32: 30 | B32: FSW | C32: Last Accept CMD Type OPCODE | D32: 216 | E32: 4 | F32: LE | G32: uint8_t | H32: =_DestuffedBits!C346*8+_DestuffedBits!C347*4+_DestuffedBits!C348*2+_DestuffedBits!C349*1 | I32: =H32 | J32: =I32 | K32: -
A33: 31 | B33: FSW | C33: Last Accept CMD Type APID | D33: 220 | E33: 4 | F33: LE | G33: uint8_t | H33: =_DestuffedBits!C350*8+_DestuffedBits!C351*4+_DestuffedBits!C352*2+_DestuffedBits!C353*1 | I33: =H33 | J33: =I33 | K33: -
A34: 32 | B34: FSW | C34: FSW static data addr | D34: 224 | E34: 32 | F34: LE | G34: uint32_t | H34: =_DestuffedBits!C354*128+_DestuffedBits!C355*64+_DestuffedBits!C356*32+_DestuffedBits!C357*16+_DestuffedBits!C358*8+_DestuffedBits!C359*4+_DestuffedBits!C360*2+_DestuffedBits!C361*1+_DestuffedBits!C362*32768+_DestuffedBits!C363*16384+_DestuffedBits!C364*8192+_DestuffedBits!C365*4096+_DestuffedBits!C366*2048+_DestuffedBits!C367*1024+_DestuffedBits!C368*512+_DestuffedBits!C369*256+_DestuffedBits!C370*8388608+_DestuffedBits!C371*4194304+_DestuffedBits!C372*2097152+_DestuffedBits!C373*1048576+_DestuffedBits!C374*524288+_DestuffedBits!C375*262144+_DestuffedBits!C376*131072+_DestuffedBits!C377*65536+_DestuffedBits!C378*2147483648+_DestuffedBits!C379*1073741824+_DestuffedBits!C380*536870912+_DestuffedBits!C381*268435456+_DestuffedBits!C382*134217728+_DestuffedBits!C383*67108864+_DestuffedBits!C384*33554432+_DestuffedBits!C385*16777216 | I34: =H34 | J34: =I34 | K34: -
A35: 33 | B35: FSW | C35: FSW dynamic data addr | D35: 256 | E35: 32 | F35: LE | G35: uint32_t | H35: =_DestuffedBits!C386*128+_DestuffedBits!C387*64+_DestuffedBits!C388*32+_DestuffedBits!C389*16+_DestuffedBits!C390*8+_DestuffedBits!C391*4+_DestuffedBits!C392*2+_DestuffedBits!C393*1+_DestuffedBits!C394*32768+_DestuffedBits!C395*16384+_DestuffedBits!C396*8192+_DestuffedBits!C397*4096+_DestuffedBits!C398*2048+_DestuffedBits!C399*1024+_DestuffedBits!C400*512+_DestuffedBits!C401*256+_DestuffedBits!C402*8388608+_DestuffedBits!C403*4194304+_DestuffedBits!C404*2097152+_DestuffedBits!C405*1048576+_DestuffedBits!C406*524288+_DestuffedBits!C407*262144+_DestuffedBits!C408*131072+_DestuffedBits!C409*65536+_DestuffedBits!C410*2147483648+_DestuffedBits!C411*1073741824+_DestuffedBits!C412*536870912+_DestuffedBits!C413*268435456+_DestuffedBits!C414*134217728+_DestuffedBits!C415*67108864+_DestuffedBits!C416*33554432+_DestuffedBits!C417*16777216 | I35: =H35 | J35: =I35 | K35: -
A36: 34 | B36: FSW | C36: SD Write Pointer Beacon | D36: 288 | E36: 32 | F36: LE | G36: uint32_t | H36: =_DestuffedBits!C418*128+_DestuffedBits!C419*64+_DestuffedBits!C420*32+_DestuffedBits!C421*16+_DestuffedBits!C422*8+_DestuffedBits!C423*4+_DestuffedBits!C424*2+_DestuffedBits!C425*1+_DestuffedBits!C426*32768+_DestuffedBits!C427*16384+_DestuffedBits!C428*8192+_DestuffedBits!C429*4096+_DestuffedBits!C430*2048+_DestuffedBits!C431*1024+_DestuffedBits!C432*512+_DestuffedBits!C433*256+_DestuffedBits!C434*8388608+_DestuffedBits!C435*4194304+_DestuffedBits!C436*2097152+_DestuffedBits!C437*1048576+_DestuffedBits!C438*524288+_DestuffedBits!C439*262144+_DestuffedBits!C440*131072+_DestuffedBits!C441*65536+_DestuffedBits!C442*2147483648+_DestuffedBits!C443*1073741824+_DestuffedBits!C444*536870912+_DestuffedBits!C445*268435456+_DestuffedBits!C446*134217728+_DestuffedBits!C447*67108864+_DestuffedBits!C448*33554432+_DestuffedBits!C449*16777216 | I36: =H36 | J36: =I36 | K36: -
A37: 35 | B37: FSW | C37: SD Write Pointer plCip | D37: 320 | E37: 32 | F37: LE | G37: uint32_t | H37: =_DestuffedBits!C450*128+_DestuffedBits!C451*64+_DestuffedBits!C452*32+_DestuffedBits!C453*16+_DestuffedBits!C454*8+_DestuffedBits!C455*4+_DestuffedBits!C456*2+_DestuffedBits!C457*1+_DestuffedBits!C458*32768+_DestuffedBits!C459*16384+_DestuffedBits!C460*8192+_DestuffedBits!C461*4096+_DestuffedBits!C462*2048+_DestuffedBits!C463*1024+_DestuffedBits!C464*512+_DestuffedBits!C465*256+_DestuffedBits!C466*8388608+_DestuffedBits!C467*4194304+_DestuffedBits!C468*2097152+_DestuffedBits!C469*1048576+_DestuffedBits!C470*524288+_DestuffedBits!C471*262144+_DestuffedBits!C472*131072+_DestuffedBits!C473*65536+_DestuffedBits!C474*2147483648+_DestuffedBits!C475*1073741824+_DestuffedBits!C476*536870912+_DestuffedBits!C477*268435456+_DestuffedBits!C478*134217728+_DestuffedBits!C479*67108864+_DestuffedBits!C480*33554432+_DestuffedBits!C481*16777216 | I37: =H37 | J37: =I37 | K37: -
A38: 36 | B38: FSW | C38: SD Write Pointer plSeuv | D38: 352 | E38: 32 | F38: LE | G38: uint32_t | H38: =_DestuffedBits!C482*128+_DestuffedBits!C483*64+_DestuffedBits!C484*32+_DestuffedBits!C485*16+_DestuffedBits!C486*8+_DestuffedBits!C487*4+_DestuffedBits!C488*2+_DestuffedBits!C489*1+_DestuffedBits!C490*32768+_DestuffedBits!C491*16384+_DestuffedBits!C492*8192+_DestuffedBits!C493*4096+_DestuffedBits!C494*2048+_DestuffedBits!C495*1024+_DestuffedBits!C496*512+_DestuffedBits!C497*256+_DestuffedBits!C498*8388608+_DestuffedBits!C499*4194304+_DestuffedBits!C500*2097152+_DestuffedBits!C501*1048576+_DestuffedBits!C502*524288+_DestuffedBits!C503*262144+_DestuffedBits!C504*131072+_DestuffedBits!C505*65536+_DestuffedBits!C506*2147483648+_DestuffedBits!C507*1073741824+_DestuffedBits!C508*536870912+_DestuffedBits!C509*268435456+_DestuffedBits!C510*134217728+_DestuffedBits!C511*67108864+_DestuffedBits!C512*33554432+_DestuffedBits!C513*16777216 | I38: =H38 | J38: =I38 | K38: -
A39: 37 | B39: FSW | C39: SD Write Pointer plHyperscan | D39: 384 | E39: 32 | F39: LE | G39: uint32_t | H39: =_DestuffedBits!C514*128+_DestuffedBits!C515*64+_DestuffedBits!C516*32+_DestuffedBits!C517*16+_DestuffedBits!C518*8+_DestuffedBits!C519*4+_DestuffedBits!C520*2+_DestuffedBits!C521*1+_DestuffedBits!C522*32768+_DestuffedBits!C523*16384+_DestuffedBits!C524*8192+_DestuffedBits!C525*4096+_DestuffedBits!C526*2048+_DestuffedBits!C527*1024+_DestuffedBits!C528*512+_DestuffedBits!C529*256+_DestuffedBits!C530*8388608+_DestuffedBits!C531*4194304+_DestuffedBits!C532*2097152+_DestuffedBits!C533*1048576+_DestuffedBits!C534*524288+_DestuffedBits!C535*262144+_DestuffedBits!C536*131072+_DestuffedBits!C537*65536+_DestuffedBits!C538*2147483648+_DestuffedBits!C539*1073741824+_DestuffedBits!C540*536870912+_DestuffedBits!C541*268435456+_DestuffedBits!C542*134217728+_DestuffedBits!C543*67108864+_DestuffedBits!C544*33554432+_DestuffedBits!C545*16777216 | I39: =H39 | J39: =I39 | K39: -
A40: 38 | B40: FSW | C40: SD Write Pointer AdcsDetailData | D40: 416 | E40: 32 | F40: LE | G40: uint32_t | H40: =_DestuffedBits!C546*128+_DestuffedBits!C547*64+_DestuffedBits!C548*32+_DestuffedBits!C549*16+_DestuffedBits!C550*8+_DestuffedBits!C551*4+_DestuffedBits!C552*2+_DestuffedBits!C553*1+_DestuffedBits!C554*32768+_DestuffedBits!C555*16384+_DestuffedBits!C556*8192+_DestuffedBits!C557*4096+_DestuffedBits!C558*2048+_DestuffedBits!C559*1024+_DestuffedBits!C560*512+_DestuffedBits!C561*256+_DestuffedBits!C562*8388608+_DestuffedBits!C563*4194304+_DestuffedBits!C564*2097152+_DestuffedBits!C565*1048576+_DestuffedBits!C566*524288+_DestuffedBits!C567*262144+_DestuffedBits!C568*131072+_DestuffedBits!C569*65536+_DestuffedBits!C570*2147483648+_DestuffedBits!C571*1073741824+_DestuffedBits!C572*536870912+_DestuffedBits!C573*268435456+_DestuffedBits!C574*134217728+_DestuffedBits!C575*67108864+_DestuffedBits!C576*33554432+_DestuffedBits!C577*16777216 | I40: =H40 | J40: =I40 | K40: -
A41: 39 | B41: FSW | C41: CMD Loss Timer | D41: 448 | E41: 32 | F41: LE | G41: uint32_t | H41: =_DestuffedBits!C578*128+_DestuffedBits!C579*64+_DestuffedBits!C580*32+_DestuffedBits!C581*16+_DestuffedBits!C582*8+_DestuffedBits!C583*4+_DestuffedBits!C584*2+_DestuffedBits!C585*1+_DestuffedBits!C586*32768+_DestuffedBits!C587*16384+_DestuffedBits!C588*8192+_DestuffedBits!C589*4096+_DestuffedBits!C590*2048+_DestuffedBits!C591*1024+_DestuffedBits!C592*512+_DestuffedBits!C593*256+_DestuffedBits!C594*8388608+_DestuffedBits!C595*4194304+_DestuffedBits!C596*2097152+_DestuffedBits!C597*1048576+_DestuffedBits!C598*524288+_DestuffedBits!C599*262144+_DestuffedBits!C600*131072+_DestuffedBits!C601*65536+_DestuffedBits!C602*2147483648+_DestuffedBits!C603*1073741824+_DestuffedBits!C604*536870912+_DestuffedBits!C605*268435456+_DestuffedBits!C606*134217728+_DestuffedBits!C607*67108864+_DestuffedBits!C608*33554432+_DestuffedBits!C609*16777216 | I41: =H41 | J41: =I41&" " | K41: transform:CMD_Loss_Timer {'unit': '', 'display_format': 'hh:mm:ss', 'comment': 'Convert raw seconds to HH:mm:ss string'}
A42: 40 | B42: FSW | C42: HyperScan xband write file number | D42: 480 | E42: 16 | F42: LE | G42: uint16_t | H42: =_DestuffedBits!C610*128+_DestuffedBits!C611*64+_DestuffedBits!C612*32+_DestuffedBits!C613*16+_DestuffedBits!C614*8+_DestuffedBits!C615*4+_DestuffedBits!C616*2+_DestuffedBits!C617*1+_DestuffedBits!C618*32768+_DestuffedBits!C619*16384+_DestuffedBits!C620*8192+_DestuffedBits!C621*4096+_DestuffedBits!C622*2048+_DestuffedBits!C623*1024+_DestuffedBits!C624*512+_DestuffedBits!C625*256 | I42: =H42 | J42: =I42 | K42: -
A43: 41 | B43: FSW | C43: SEUV xband write file number | D43: 496 | E43: 16 | F43: LE | G43: uint16_t | H43: =_DestuffedBits!C626*128+_DestuffedBits!C627*64+_DestuffedBits!C628*32+_DestuffedBits!C629*16+_DestuffedBits!C630*8+_DestuffedBits!C631*4+_DestuffedBits!C632*2+_DestuffedBits!C633*1+_DestuffedBits!C634*32768+_DestuffedBits!C635*16384+_DestuffedBits!C636*8192+_DestuffedBits!C637*4096+_DestuffedBits!C638*2048+_DestuffedBits!C639*1024+_DestuffedBits!C640*512+_DestuffedBits!C641*256 | I43: =H43 | J43: =I43 | K43: -
A44: 42 | B44: FSW | C44: Cip xband write file number | D44: 512 | E44: 16 | F44: LE | G44: uint16_t | H44: =_DestuffedBits!C642*128+_DestuffedBits!C643*64+_DestuffedBits!C644*32+_DestuffedBits!C645*16+_DestuffedBits!C646*8+_DestuffedBits!C647*4+_DestuffedBits!C648*2+_DestuffedBits!C649*1+_DestuffedBits!C650*32768+_DestuffedBits!C651*16384+_DestuffedBits!C652*8192+_DestuffedBits!C653*4096+_DestuffedBits!C654*2048+_DestuffedBits!C655*1024+_DestuffedBits!C656*512+_DestuffedBits!C657*256 | I44: =H44 | J44: =I44 | K44: -
A45: 43 | B45: ADCS | C45: ADCS Time | D45: 528 | E45: 32 | F45: LE | G45: uint32_t | H45: =_DestuffedBits!C658*128+_DestuffedBits!C659*64+_DestuffedBits!C660*32+_DestuffedBits!C661*16+_DestuffedBits!C662*8+_DestuffedBits!C663*4+_DestuffedBits!C664*2+_DestuffedBits!C665*1+_DestuffedBits!C666*32768+_DestuffedBits!C667*16384+_DestuffedBits!C668*8192+_DestuffedBits!C669*4096+_DestuffedBits!C670*2048+_DestuffedBits!C671*1024+_DestuffedBits!C672*512+_DestuffedBits!C673*256+_DestuffedBits!C674*8388608+_DestuffedBits!C675*4194304+_DestuffedBits!C676*2097152+_DestuffedBits!C677*1048576+_DestuffedBits!C678*524288+_DestuffedBits!C679*262144+_DestuffedBits!C680*131072+_DestuffedBits!C681*65536+_DestuffedBits!C682*2147483648+_DestuffedBits!C683*1073741824+_DestuffedBits!C684*536870912+_DestuffedBits!C685*268435456+_DestuffedBits!C686*134217728+_DestuffedBits!C687*67108864+_DestuffedBits!C688*33554432+_DestuffedBits!C689*16777216 | I45: =H45 | J45: =I45&" s" | K45: transform:ADCS_Time {'unit': 's', 'display_format': 'YYYY-MM-DD HH:mm:ss', 'timezone': 'Asia/Taipei', 'offset_hours': 8}
A46: 44 | B46: ADCS | C46: ADCS Time Milliseconds | D46: 560 | E46: 16 | F46: LE | G46: uint16_t | H46: =_DestuffedBits!C690*128+_DestuffedBits!C691*64+_DestuffedBits!C692*32+_DestuffedBits!C693*16+_DestuffedBits!C694*8+_DestuffedBits!C695*4+_DestuffedBits!C696*2+_DestuffedBits!C697*1+_DestuffedBits!C698*32768+_DestuffedBits!C699*16384+_DestuffedBits!C700*8192+_DestuffedBits!C701*4096+_DestuffedBits!C702*2048+_DestuffedBits!C703*1024+_DestuffedBits!C704*512+_DestuffedBits!C705*256 | I46: =H46 | J46: =I46 | K46: -
A47: 45 | B47: ADCS | C47: ADCS 3V3 Current | D47: 576 | E47: 16 | F47: LE | G47: uint16_t | H47: =_DestuffedBits!C706*128+_DestuffedBits!C707*64+_DestuffedBits!C708*32+_DestuffedBits!C709*16+_DestuffedBits!C710*8+_DestuffedBits!C711*4+_DestuffedBits!C712*2+_DestuffedBits!C713*1+_DestuffedBits!C714*32768+_DestuffedBits!C715*16384+_DestuffedBits!C716*8192+_DestuffedBits!C717*4096+_DestuffedBits!C718*2048+_DestuffedBits!C719*1024+_DestuffedBits!C720*512+_DestuffedBits!C721*256 | I47: =H47 | J47: =I47 | K47: -
A48: 46 | B48: ADCS | C48: ADCS 5V Current | D48: 592 | E48: 16 | F48: LE | G48: uint16_t | H48: =_DestuffedBits!C722*128+_DestuffedBits!C723*64+_DestuffedBits!C724*32+_DestuffedBits!C725*16+_DestuffedBits!C726*8+_DestuffedBits!C727*4+_DestuffedBits!C728*2+_DestuffedBits!C729*1+_DestuffedBits!C730*32768+_DestuffedBits!C731*16384+_DestuffedBits!C732*8192+_DestuffedBits!C733*4096+_DestuffedBits!C734*2048+_DestuffedBits!C735*1024+_DestuffedBits!C736*512+_DestuffedBits!C737*256 | I48: =H48 | J48: =I48 | K48: -
A49: 47 | B49: ADCS | C49: ADCS Vbat Current | D49: 608 | E49: 16 | F49: LE | G49: uint16_t | H49: =_DestuffedBits!C738*128+_DestuffedBits!C739*64+_DestuffedBits!C740*32+_DestuffedBits!C741*16+_DestuffedBits!C742*8+_DestuffedBits!C743*4+_DestuffedBits!C744*2+_DestuffedBits!C745*1+_DestuffedBits!C746*32768+_DestuffedBits!C747*16384+_DestuffedBits!C748*8192+_DestuffedBits!C749*4096+_DestuffedBits!C750*2048+_DestuffedBits!C751*1024+_DestuffedBits!C752*512+_DestuffedBits!C753*256 | I49: =H49 | J49: =I49 | K49: -
A50: 48 | B50: ADCS | C50: ADCS MCU Temperature | D50: 624 | E50: 16 | F50: LE | G50: uint16_t | H50: =_DestuffedBits!C754*128+_DestuffedBits!C755*64+_DestuffedBits!C756*32+_DestuffedBits!C757*16+_DestuffedBits!C758*8+_DestuffedBits!C759*4+_DestuffedBits!C760*2+_DestuffedBits!C761*1+_DestuffedBits!C762*32768+_DestuffedBits!C763*16384+_DestuffedBits!C764*8192+_DestuffedBits!C765*4096+_DestuffedBits!C766*2048+_DestuffedBits!C767*1024+_DestuffedBits!C768*512+_DestuffedBits!C769*256 | I50: =H50 | J50: =I50 | K50: -
A51: 49 | B51: ADCS | C51: ADCS MAG Temperature | D51: 640 | E51: 16 | F51: LE | G51: uint16_t | H51: =_DestuffedBits!C770*128+_DestuffedBits!C771*64+_DestuffedBits!C772*32+_DestuffedBits!C773*16+_DestuffedBits!C774*8+_DestuffedBits!C775*4+_DestuffedBits!C776*2+_DestuffedBits!C777*1+_DestuffedBits!C778*32768+_DestuffedBits!C779*16384+_DestuffedBits!C780*8192+_DestuffedBits!C781*4096+_DestuffedBits!C782*2048+_DestuffedBits!C783*1024+_DestuffedBits!C784*512+_DestuffedBits!C785*256 | I51: =H51 | J51: =I51 | K51: -
A52: 50 | B52: ADCS | C52: ADCS Attitude Estimation Mode | D52: 656 | E52: 4 | F52: LE | G52: uint8_t | H52: =_DestuffedBits!C786*8+_DestuffedBits!C787*4+_DestuffedBits!C788*2+_DestuffedBits!C789*1 | I52: =H52 | J52: =IF(H52=0,"No attitude estimation",IF(H52=1,"MEMS rate sensing",IF(H52=10,"Magnetometer rate filter",IF(H52=11,"Magnetometer rate filter with pitch estimation",IF(H52=100,"Magnetometer and Fine-sun TRIAD algorithm",IF(H52=101,"Full-state EKF",IF(H52=110,"MEMS gyro EKF",IF(H52=111,"User Coded Estimation Mode",H52&" (unlisted)")))))))) | K52: 0000: No attitude estimation / 0001: MEMS rate sensing / 0010: Magnetometer rate filter / 0011: Magnetometer rate filter with pitch estimation / 0100: Magnetometer and Fine-sun TRIAD algorithm / 0101: Full-state EKF / 0110: MEMS gyro EKF / 0111: User Coded Estimation Mode
A53: 51 | B53: ADCS | C53: ADCS Control Mode | D53: 660 | E53: 4 | F53: LE | G53: uint8_t | H53: =_DestuffedBits!C790*8+_DestuffedBits!C791*4+_DestuffedBits!C792*2+_DestuffedBits!C793*1 | I53: =H53 | J53: =IF(H53=0,"No control",IF(H53=1,"Detumbling control",IF(H53=10,"Y-Thomson spin",IF(H53=11,"Y-Wheel momentum stabilized – Initial Pitch Acquisition",IF(H53=100,"Y-Wheel momentum stabilized – Steady State",IF(H53=101,"XYZ-Wheel control",IF(H53=110,"Rwheel sun tracking control",IF(H53=111,"Rwheel target tracking control",IF(H53=1000,"Very Fast-spin Detumbling control",IF(H53=1001,"Fast-spin Detumbling control",IF(H53=1010,"User Specific Control Mode 1",IF(H53=1011,"User Specific Control Mode 2",IF(H53=1100,"Stop R-wheels",IF(H53=1101,"User Coded Control Mode",IF(H53=1110,"Yaw-only or roll-only sun tracking mode",IF(H53=1111,"Target-tracking yaw-only wheel control Mode",H53&" (unlisted)")))))))))))))))) | K53: 0000: No control / 0001: Detumbling control / 0010: Y-Thomson spin / 0011: Y-Wheel momentum stabilized – Initial Pitch Acquisition / 0100: Y-Wheel momentum stabilized – Steady State / 0101: XYZ-Wheel control / 0110: Rwheel sun tracking control / 0111: Rwheel target tracking control / 1000: Very Fast-spin Detumbling control / 1001: Fast-spin Detumbling control / 1010: User Specific Control Mode 1 / 1011: User Specific Control Mode 2 / 1100: Stop R-wheels / 1101: User Coded Control Mode / 1110: Yaw-only or roll-only sun tracking mode / 1111: Target-tracking yaw-only wheel control Mode
A54: 52 | B54: ADCS | C54: ADCS Run Mode | D54: 664 | E54: 2 | F54: LE | G54: uint8_t | H54: =_DestuffedBits!C794*2+_DestuffedBits!C795*1 | I54: =H54 | J54: =IF(H54=0,"Off",IF(H54=1,"Enabled",IF(H54=10,"Triggered",IF(H54=11,"Simulation",H54&" (unlisted)")))) | K54: 00: Off / 01: Enabled / 10: Triggered / 11: Simulation
A55: 53 | B55: ADCS | C55: (reserved) | D55: 666 | E55: 6 | F55: LE | G55: uint8_t | H55: =_DestuffedBits!C796*32+_DestuffedBits!C797*16+_DestuffedBits!C798*8+_DestuffedBits!C799*4+_DestuffedBits!C800*2+_DestuffedBits!C801*1 | I55: =H55 | J55: =I55 | K55: -
A56: 54 | B56: ADCS | C56: ADCS CubeControl Signal | D56: 672 | E56: 1 | F56: LE | G56: uint8_t | H56: =_DestuffedBits!C802*1 | I56: =H56 | J56: =IF(H56=0,"off ; 1: enable",H56&" (unlisted)") | K56: 0: off ; 1: enable
A57: 55 | B57: ADCS | C57: ADCS CubeControl Motor | D57: 673 | E57: 1 | F57: LE | G57: uint8_t | H57: =_DestuffedBits!C803*1 | I57: =H57 | J57: =IF(H57=0,"off ; 1: enable",H57&" (unlisted)") | K57: 0: off ; 1: enable
A58: 56 | B58: ADCS | C58: ADCS CubeSense1 | D58: 674 | E58: 1 | F58: LE | G58: uint8_t | H58: =_DestuffedBits!C804*1 | I58: =H58 | J58: =IF(H58=0,"off ; 1: enable",H58&" (unlisted)") | K58: 0: off ; 1: enable
A59: 57 | B59: ADCS | C59: ADCS CubeSense2 | D59: 675 | E59: 1 | F59: LE | G59: uint8_t | H59: =_DestuffedBits!C805*1 | I59: =H59 | J59: =IF(H59=0,"off ; 1: enable",H59&" (unlisted)") | K59: 0: off ; 1: enable
A60: 58 | B60: ADCS | C60: ADCS CubeWheel1 | D60: 676 | E60: 1 | F60: LE | G60: uint8_t | H60: =_DestuffedBits!C806*1 | I60: =H60 | J60: =IF(H60=0,"off ; 1: enable",H60&" (unlisted)") | K60: 0: off ; 1: enable
A61: 59 | B61: ADCS | C61: ADCS CubeWheel2 | D61: 677 | E61: 1 | F61: LE | G61: uint8_t | H61: =_DestuffedBits!C807*1 | I61: =H61 | J61: =IF(H61=0,"off ; 1: enable",H61&" (unlisted)") | K61: 0: off ; 1: enable
A62: 60 | B62: ADCS | C62: ADCS CubeWheel3 | D62: 678 | E62: 1 | F62: LE | G62: uint8_t | H62: =_DestuffedBits!C808*1 | I62: =H62 | J62: =IF(H62=0,"off ; 1: enable",H62&" (unlisted)") | K62: 0: off ; 1: enable
A63: 61 | B63: ADCS | C63: ADCS CubeStar | D63: 679 | E63: 1 | F63: LE | G63: uint8_t | H63: =_DestuffedBits!C809*1 | I63: =H63 | J63: =IF(H63=0,"off ; 1: enable",H63&" (unlisted)") | K63: 0: off ; 1: enable
A64: 62 | B64: ADCS | C64: ADCS CubeSense1 Communications | D64: 680 | E64: 1 | F64: LE | G64: uint8_t | H64: =_DestuffedBits!C810*1 | I64: =H64 | J64: =IF(H64=0,"no error ; 1: error",H64&" (unlisted)") | K64: 0: no error ; 1: error
A65: 63 | B65: ADCS | C65: ADCS CubeSense2 Communications | D65: 681 | E65: 1 | F65: LE | G65: uint8_t | H65: =_DestuffedBits!C811*1 | I65: =H65 | J65: =IF(H65=0,"no error ; 1: error",H65&" (unlisted)") | K65: 0: no error ; 1: error
A66: 64 | B66: ADCS | C66: ADCS CubeControl Signal Communications | D66: 682 | E66: 1 | F66: LE | G66: uint8_t | H66: =_DestuffedBits!C812*1 | I66: =H66 | J66: =IF(H66=0,"no error ; 1: error",H66&" (unlisted)") | K66: 0: no error ; 1: error
A67: 65 | B67: ADCS | C67: ADCS CubeControl Motor Communications | D67: 683 | E67: 1 | F67: LE | G67: uint8_t | H67: =_DestuffedBits!C813*1 | I67: =H67 | J67: =IF(H67=0,"no error ; 1: error",H67&" (unlisted)") | K67: 0: no error ; 1: error
A68: 66 | B68: ADCS | C68: ADCS CubeWheel1 Communications | D68: 684 | E68: 1 | F68: LE | G68: uint8_t | H68: =_DestuffedBits!C814*1 | I68: =H68 | J68: =IF(H68=0,"no error ; 1: error",H68&" (unlisted)") | K68: 0: no error ; 1: error
A69: 67 | B69: ADCS | C69: ADCS CubeWheel2 Communications | D69: 685 | E69: 1 | F69: LE | G69: uint8_t | H69: =_DestuffedBits!C815*1 | I69: =H69 | J69: =IF(H69=0,"no error ; 1: error",H69&" (unlisted)") | K69: 0: no error ; 1: error
A70: 68 | B70: ADCS | C70: ADCS CubeWheel3 Communications | D70: 686 | E70: 1 | F70: LE | G70: uint8_t | H70: =_DestuffedBits!C816*1 | I70: =H70 | J70: =IF(H70=0,"no error ; 1: error",H70&" (unlisted)") | K70: 0: no error ; 1: error
A71: 69 | B71: ADCS | C71: ADCS CubeStar Communications | D71: 687 | E71: 1 | F71: LE | G71: uint8_t | H71: =_DestuffedBits!C817*1 | I71: =H71 | J71: =IF(H71=0,"no error ; 1: error",H71&" (unlisted)") | K71: 0: no error ; 1: error
A72: 70 | B72: ADCS | C72: ADCS Cam1 SRAM Overcurrent Detected | D72: 688 | E72: 1 | F72: LE | G72: uint8_t | H72: =_DestuffedBits!C818*1 | I72: =H72 | J72: =IF(H72=0,"no error ; 1: error",H72&" (unlisted)") | K72: 0: no error ; 1: error
A73: 71 | B73: ADCS | C73: ADCS Cam1 3V3 Overcurrent Detected | D73: 689 | E73: 1 | F73: LE | G73: uint8_t | H73: =_DestuffedBits!C819*1 | I73: =H73 | J73: =IF(H73=0,"no error ; 1: error",H73&" (unlisted)") | K73: 0: no error ; 1: error
A74: 72 | B74: ADCS | C74: ADCS Cam1 Sensor Busy | D74: 690 | E74: 1 | F74: LE | G74: uint8_t | H74: =_DestuffedBits!C820*1 | I74: =H74 | J74: =IF(H74=0,"no error ; 1: error",H74&" (unlisted)") | K74: 0: no error ; 1: error
A75: 73 | B75: ADCS | C75: ADCS Cam1 Sensor Detection | D75: 691 | E75: 1 | F75: LE | G75: uint8_t | H75: =_DestuffedBits!C821*1 | I75: =H75 | J75: =IF(H75=0,"no error ; 1: error",H75&" (unlisted)") | K75: 0: no error ; 1: error
... A87: 85 | B87: ADCS | C87: ADCS Star Tracker Overcurrent Detected | D87: 703 | E87: 1 | F87: LE | G87: uint8_t | H87: =_DestuffedBits!C833*1 | I87: =H87 | J87: =IF(H87=0,"no error ; 1: error",H87&" (unlisted)") | K87: 0: no error ; 1: error
A88: 86 | B88: ADCS | C88: ADCS ECI referenced X coordinate | D88: 704 | E88: 16 | F88: LE | G88: int16_t | H88: =_DestuffedBits!C834*128+_DestuffedBits!C835*64+_DestuffedBits!C836*32+_DestuffedBits!C837*16+_DestuffedBits!C838*8+_DestuffedBits!C839*4+_DestuffedBits!C840*2+_DestuffedBits!C841*1+_DestuffedBits!C842*32768+_DestuffedBits!C843*16384+_DestuffedBits!C844*8192+_DestuffedBits!C845*4096+_DestuffedBits!C846*2048+_DestuffedBits!C847*1024+_DestuffedBits!C848*512+_DestuffedBits!C849*256 | I88: =IF(H88>=32768,H88-65536,H88) | J88: =I88 | K88: -
A89: 87 | B89: ADCS | C89: ADCS ECI referenced Y coordinate | D89: 720 | E89: 16 | F89: LE | G89: int16_t | H89: =_DestuffedBits!C850*128+_DestuffedBits!C851*64+_DestuffedBits!C852*32+_DestuffedBits!C853*16+_DestuffedBits!C854*8+_DestuffedBits!C855*4+_DestuffedBits!C856*2+_DestuffedBits!C857*1+_DestuffedBits!C858*32768+_DestuffedBits!C859*16384+_DestuffedBits!C860*8192+_DestuffedBits!C861*4096+_DestuffedBits!C862*2048+_DestuffedBits!C863*1024+_DestuffedBits!C864*512+_DestuffedBits!C865*256 | I89: =IF(H89>=32768,H89-65536,H89) | J89: =I89 | K89: -
A90: 88 | B90: ADCS | C90: ADCS ECI referenced Z coordinate | D90: 736 | E90: 16 | F90: LE | G90: int16_t | H90: =_DestuffedBits!C866*128+_DestuffedBits!C867*64+_DestuffedBits!C868*32+_DestuffedBits!C869*16+_DestuffedBits!C870*8+_DestuffedBits!C871*4+_DestuffedBits!C872*2+_DestuffedBits!C873*1+_DestuffedBits!C874*32768+_DestuffedBits!C875*16384+_DestuffedBits!C876*8192+_DestuffedBits!C877*4096+_DestuffedBits!C878*2048+_DestuffedBits!C879*1024+_DestuffedBits!C880*512+_DestuffedBits!C881*256 | I90: =IF(H90>=32768,H90-65536,H90) | J90: =I90 | K90: -
A91: 89 | B91: ADCS | C91: ADCS X Angular Rate | D91: 752 | E91: 16 | F91: LE | G91: int16_t | H91: =_DestuffedBits!C882*128+_DestuffedBits!C883*64+_DestuffedBits!C884*32+_DestuffedBits!C885*16+_DestuffedBits!C886*8+_DestuffedBits!C887*4+_DestuffedBits!C888*2+_DestuffedBits!C889*1+_DestuffedBits!C890*32768+_DestuffedBits!C891*16384+_DestuffedBits!C892*8192+_DestuffedBits!C893*4096+_DestuffedBits!C894*2048+_DestuffedBits!C895*1024+_DestuffedBits!C896*512+_DestuffedBits!C897*256 | I91: =IF(H91>=32768,H91-65536,H91) | J91: =ROUND(I91*0.01,4)&" deg/s" | K91: transform:ADCS Rate Sensor Rates {'scale': 0.01, 'unit': 'deg/s'}
A92: 90 | B92: ADCS | C92: ADCS Y Angular Rate | D92: 768 | E92: 16 | F92: LE | G92: int16_t | H92: =_DestuffedBits!C898*128+_DestuffedBits!C899*64+_DestuffedBits!C900*32+_DestuffedBits!C901*16+_DestuffedBits!C902*8+_DestuffedBits!C903*4+_DestuffedBits!C904*2+_DestuffedBits!C905*1+_DestuffedBits!C906*32768+_DestuffedBits!C907*16384+_DestuffedBits!C908*8192+_DestuffedBits!C909*4096+_DestuffedBits!C910*2048+_DestuffedBits!C911*1024+_DestuffedBits!C912*512+_DestuffedBits!C913*256 | I92: =IF(H92>=32768,H92-65536,H92) | J92: =ROUND(I92*0.01,4)&" deg/s" | K92: transform:ADCS Rate Sensor Rates {'scale': 0.01, 'unit': 'deg/s'}
A93: 91 | B93: ADCS | C93: ADCS Z Angular Rate | D93: 784 | E93: 16 | F93: LE | G93: int16_t | H93: =_DestuffedBits!C914*128+_DestuffedBits!C915*64+_DestuffedBits!C916*32+_DestuffedBits!C917*16+_DestuffedBits!C918*8+_DestuffedBits!C919*4+_DestuffedBits!C920*2+_DestuffedBits!C921*1+_DestuffedBits!C922*32768+_DestuffedBits!C923*16384+_DestuffedBits!C924*8192+_DestuffedBits!C925*4096+_DestuffedBits!C926*2048+_DestuffedBits!C927*1024+_DestuffedBits!C928*512+_DestuffedBits!C929*256 | I93: =IF(H93>=32768,H93-65536,H93) | J93: =ROUND(I93*0.01,4)&" deg/s" | K93: transform:ADCS Rate Sensor Rates {'scale': 0.01, 'unit': 'deg/s'}
A94: 92 | B94: ADCS | C94: ADCS Estimated X angular rate | D94: 800 | E94: 16 | F94: LE | G94: int16_t | H94: =_DestuffedBits!C930*128+_DestuffedBits!C931*64+_DestuffedBits!C932*32+_DestuffedBits!C933*16+_DestuffedBits!C934*8+_DestuffedBits!C935*4+_DestuffedBits!C936*2+_DestuffedBits!C937*1+_DestuffedBits!C938*32768+_DestuffedBits!C939*16384+_DestuffedBits!C940*8192+_DestuffedBits!C941*4096+_DestuffedBits!C942*2048+_DestuffedBits!C943*1024+_DestuffedBits!C944*512+_DestuffedBits!C945*256 | I94: =IF(H94>=32768,H94-65536,H94) | J94: =I94 | K94: -
A95: 93 | B95: ADCS | C95: ADCS Estimated Y angular rate | D95: 816 | E95: 16 | F95: LE | G95: int16_t | H95: =_DestuffedBits!C946*128+_DestuffedBits!C947*64+_DestuffedBits!C948*32+_DestuffedBits!C949*16+_DestuffedBits!C950*8+_DestuffedBits!C951*4+_DestuffedBits!C952*2+_DestuffedBits!C953*1+_DestuffedBits!C954*32768+_DestuffedBits!C955*16384+_DestuffedBits!C956*8192+_DestuffedBits!C957*4096+_DestuffedBits!C958*2048+_DestuffedBits!C959*1024+_DestuffedBits!C960*512+_DestuffedBits!C961*256 | I95: =IF(H95>=32768,H95-65536,H95) | J95: =I95 | K95: -
A96: 94 | B96: ADCS | C96: ADCS Estimated Z angular rate | D96: 832 | E96: 16 | F96: LE | G96: int16_t | H96: =_DestuffedBits!C962*128+_DestuffedBits!C963*64+_DestuffedBits!C964*32+_DestuffedBits!C965*16+_DestuffedBits!C966*8+_DestuffedBits!C967*4+_DestuffedBits!C968*2+_DestuffedBits!C969*1+_DestuffedBits!C970*32768+_DestuffedBits!C971*16384+_DestuffedBits!C972*8192+_DestuffedBits!C973*4096+_DestuffedBits!C974*2048+_DestuffedBits!C975*1024+_DestuffedBits!C976*512+_DestuffedBits!C977*256 | I96: =IF(H96>=32768,H96-65536,H96) | J96: =I96 | K96: -
A97: 95 | B97: ADCS | C97: ADCS Current steps | D97: 848 | E97: 4 | F97: LE | G97: uint8_t | H97: =_DestuffedBits!C978*8+_DestuffedBits!C979*4+_DestuffedBits!C980*2+_DestuffedBits!C981*1 | I97: =H97 | J97: =IF(H97=0,"Initial Angular Rate Estimation",IF(H97=1,"Detumbling",IF(H97=10,"Magnetometer Deployment",IF(H97=11,"Magnetometer Calibration",IF(H97=100,"XYZ reaction wheel control",IF(H97=101,"Sun/Nadir Sensor Commissioning",IF(H97=110,"CubeStar Commissioning",IF(H97=111,"Sun Tracking 3-Axis Control",IF(H97=1000,"Ground Target Tracking Controller",IF(H97=1001,"None, all finished",H97&" (unlisted)")))))))))) | K97: 0000: Initial Angular Rate Estimation / 0001: Detumbling / 0010: Magnetometer Deployment / 0011: Magnetometer Calibration / 0100: XYZ reaction wheel control / 0101: Sun/Nadir Sensor Commissioning / 0110: CubeStar Commissioning / 0111: Sun Tracking 3-Axis Control / 1000: Ground Target Tracking Controller / 1001: None, all finished
A98: 96 | B98: ADCS | C98: (reserved) | D98: 852 | E98: 4 | F98: LE | G98: uint8_t | H98: =_DestuffedBits!C982*8+_DestuffedBits!C983*4+_DestuffedBits!C984*2+_DestuffedBits!C985*1 | I98: =H98 | J98: =I98 | K98: -
A99: 97 | B99: ADCS | C99: ADCS Sun Vector X | D99: 856 | E99: 16 | F99: LE | G99: int16_t | H99: =_DestuffedBits!C986*128+_DestuffedBits!C987*64+_DestuffedBits!C988*32+_DestuffedBits!C989*16+_DestuffedBits!C990*8+_DestuffedBits!C991*4+_DestuffedBits!C992*2+_DestuffedBits!C993*1+_DestuffedBits!C994*32768+_DestuffedBits!C995*16384+_DestuffedBits!C996*8192+_DestuffedBits!C997*4096+_DestuffedBits!C998*2048+_DestuffedBits!C999*1024+_DestuffedBits!C1000*512+_DestuffedBits!C1001*256 | I99: =IF(H99>=32768,H99-65536,H99) | J99: =I99 | K99: -
A100: 98 | B100: ADCS | C100: ADCS Sun Vector Y | D100: 872 | E100: 16 | F100: LE | G100: int16_t | H100: =_DestuffedBits!C1002*128+_DestuffedBits!C1003*64+_DestuffedBits!C1004*32+_DestuffedBits!C1005*16+_DestuffedBits!C1006*8+_DestuffedBits!C1007*4+_DestuffedBits!C1008*2+_DestuffedBits!C1009*1+_DestuffedBits!C1010*32768+_DestuffedBits!C1011*16384+_DestuffedBits!C1012*8192+_DestuffedBits!C1013*4096+_DestuffedBits!C1014*2048+_DestuffedBits!C1015*1024+_DestuffedBits!C1016*512+_DestuffedBits!C1017*256 | I100: =IF(H100>=32768,H100-65536,H100) | J100: =I100 | K100: -
A101: 99 | B101: ADCS | C101: ADCS Sun Vector Z | D101: 888 | E101: 16 | F101: LE | G101: int16_t | H101: =_DestuffedBits!C1018*128+_DestuffedBits!C1019*64+_DestuffedBits!C1020*32+_DestuffedBits!C1021*16+_DestuffedBits!C1022*8+_DestuffedBits!C1023*4+_DestuffedBits!C1024*2+_DestuffedBits!C1025*1+_DestuffedBits!C1026*32768+_DestuffedBits!C1027*16384+_DestuffedBits!C1028*8192+_DestuffedBits!C1029*4096+_DestuffedBits!C1030*2048+_DestuffedBits!C1031*1024+_DestuffedBits!C1032*512+_DestuffedBits!C1033*256 | I101: =IF(H101>=32768,H101-65536,H101) | J101: =I101 | K101: -
A102: 100 | B102: ADCS | C102: ADCS Telecommand counter | D102: 904 | E102: 16 | F102: LE | G102: uint16_t | H102: =_DestuffedBits!C1034*128+_DestuffedBits!C1035*64+_DestuffedBits!C1036*32+_DestuffedBits!C1037*16+_DestuffedBits!C1038*8+_DestuffedBits!C1039*4+_DestuffedBits!C1040*2+_DestuffedBits!C1041*1+_DestuffedBits!C1042*32768+_DestuffedBits!C1043*16384+_DestuffedBits!C1044*8192+_DestuffedBits!C1045*4096+_DestuffedBits!C1046*2048+_DestuffedBits!C1047*1024+_DestuffedBits!C1048*512+_DestuffedBits!C1049*256 | I102: =H102 | J102: =I102 | K102: -
A103: 101 | B103: ADCS | C103: ADCS Telemetry request counter | D103: 920 | E103: 16 | F103: LE | G103: uint16_t | H103: =_DestuffedBits!C1050*128+_DestuffedBits!C1051*64+_DestuffedBits!C1052*32+_DestuffedBits!C1053*16+_DestuffedBits!C1054*8+_DestuffedBits!C1055*4+_DestuffedBits!C1056*2+_DestuffedBits!C1057*1+_DestuffedBits!C1058*32768+_DestuffedBits!C1059*16384+_DestuffedBits!C1060*8192+_DestuffedBits!C1061*4096+_DestuffedBits!C1062*2048+_DestuffedBits!C1063*1024+_DestuffedBits!C1064*512+_DestuffedBits!C1065*256 | I103: =H103 | J103: =I103 | K103: -
A104: 102 | B104: ADCS | C104: ADCS Last TC ID | D104: 936 | E104: 8 | F104: LE | G104: uint8_t | H104: =_DestuffedBits!C1066*128+_DestuffedBits!C1067*64+_DestuffedBits!C1068*32+_DestuffedBits!C1069*16+_DestuffedBits!C1070*8+_DestuffedBits!C1071*4+_DestuffedBits!C1072*2+_DestuffedBits!C1073*1 | I104: =H104 | J104: =I104 | K104: -
A105: 103 | B105: ADCS | C105: ADCS Processed flag | D105: 944 | E105: 1 | F105: LE | G105: uint8_t | H105: =_DestuffedBits!C1074*1 | I105: =H105 | J105: =IF(H105=1,"has been processed 0 : has NOT been processed",H105&" (unlisted)") | K105: 1 : has been processed 0 : has NOT been processed
A106: 104 | B106: ADCS | C106: ADCS TC error status | D106: 945 | E106: 4 | F106: LE | G106: uint8_t | H106: =_DestuffedBits!C1075*8+_DestuffedBits!C1076*4+_DestuffedBits!C1077*2+_DestuffedBits!C1078*1 | I106: =H106 | J106: =IF(H106=0,"No Error",IF(H106=1,"Invaild telecommand ID",IF(H106=2,"Incorrect TC parameter length",IF(H106=3,"Incorrect TC parameter value",IF(H106=4,"CRC check failed",H106&" (unlisted)"))))) | K106: 0:No Error / 1:Invaild telecommand ID / 2:Incorrect TC parameter length / 3:Incorrect TC parameter value / 4:CRC check failed / (Table 39: Telecommand Acknowledge Telemetry Format)
A107: 105 | B107: ADCS | C107: (reserved) | D107: 949 | E107: 3 | F107: BE | G107: uint8_t | H107: =_DestuffedBits!C1079*4+_DestuffedBits!C1080*2+_DestuffedBits!C1081*1 | I107: =H107 | J107: =I107 | K107: -
A108: 106 | B108: ADCS | C108: ADCS TC parameter error index | D108: 952 | E108: 8 | F108: LE | G108: uint8_t | H108: =_DestuffedBits!C1082*128+_DestuffedBits!C1083*64+_DestuffedBits!C1084*32+_DestuffedBits!C1085*16+_DestuffedBits!C1086*8+_DestuffedBits!C1087*4+_DestuffedBits!C1088*2+_DestuffedBits!C1089*1 | I108: =H108 | J108: =I108 | K108: -
A109: 107 | B109: ADCS | C109: ADCS X Wheel Speed | D109: 960 | E109: 16 | F109: LE | G109: int16_t | H109: =_DestuffedBits!C1090*128+_DestuffedBits!C1091*64+_DestuffedBits!C1092*32+_DestuffedBits!C1093*16+_DestuffedBits!C1094*8+_DestuffedBits!C1095*4+_DestuffedBits!C1096*2+_DestuffedBits!C1097*1+_DestuffedBits!C1098*32768+_DestuffedBits!C1099*16384+_DestuffedBits!C1100*8192+_DestuffedBits!C1101*4096+_DestuffedBits!C1102*2048+_DestuffedBits!C1103*1024+_DestuffedBits!C1104*512+_DestuffedBits!C1105*256 | I109: =IF(H109>=32768,H109-65536,H109) | J109: =I109 | K109: -
A110: 108 | B110: ADCS | C110: ADCS Y Wheel Speed | D110: 976 | E110: 16 | F110: LE | G110: int16_t | H110: =_DestuffedBits!C1106*128+_DestuffedBits!C1107*64+_DestuffedBits!C1108*32+_DestuffedBits!C1109*16+_DestuffedBits!C1110*8+_DestuffedBits!C1111*4+_DestuffedBits!C1112*2+_DestuffedBits!C1113*1+_DestuffedBits!C1114*32768+_DestuffedBits!C1115*16384+_DestuffedBits!C1116*8192+_DestuffedBits!C1117*4096+_DestuffedBits!C1118*2048+_DestuffedBits!C1119*1024+_DestuffedBits!C1120*512+_DestuffedBits!C1121*256 | I110: =IF(H110>=32768,H110-65536,H110) | J110: =I110 | K110: -
A111: 109 | B111: ADCS | C111: ADCS Z Wheel Speed | D111: 992 | E111: 16 | F111: LE | G111: int16_t | H111: =_DestuffedBits!C1122*128+_DestuffedBits!C1123*64+_DestuffedBits!C1124*32+_DestuffedBits!C1125*16+_DestuffedBits!C1126*8+_DestuffedBits!C1127*4+_DestuffedBits!C1128*2+_DestuffedBits!C1129*1+_DestuffedBits!C1130*32768+_DestuffedBits!C1131*16384+_DestuffedBits!C1132*8192+_DestuffedBits!C1133*4096+_DestuffedBits!C1134*2048+_DestuffedBits!C1135*1024+_DestuffedBits!C1136*512+_DestuffedBits!C1137*256 | I111: =IF(H111>=32768,H111-65536,H111) | J111: =I111 | K111: -
...
