Workbook

Sheet 使用說明
A1: SCIONX Destuff 互動練習（簡化範例）
A3: 這是縮小版示範：33 個原始判決 bit，模擬「1 個 HDLC stuff bit + 1 個判決錯誤 bit」的訊號。先驗證『下拉選單指定 destuff/flip，Destuffed 分頁自動對齊比對』這個機制可不可行，之後再套到你真正的 3816-bit raw stream。
A5: 分頁說明：
A6: 1. RawBits：33 個原始判決 bit。E 欄「ExcludeThisBit」下拉選單（Yes/No）——Yes = 這個 bit 是 stuffing 插入的，destuff 時要移除。F 欄「FlipThisBit」下拉選單——Yes = 懷疑判決錯誤，反轉 0/1。C 欄「LowConfidence」標出最可疑的3 個候選 bit（index 8, 9, 22，紅字）。D 欄「CandidateStuffPoint」自動偵測「前面剛好連續 5 個 1」的位置——真正的 stuff bit理論上只會出現在這種位置。
A7: 2. Destuffed：套用你在 RawBits 的選擇後，自動重排、對齊到 Reference（真值）逐 bit 比對。C 欄 = 目前組出來的 bit；D 欄 = 真值；E 欄 = 1(對)/0(錯)，錯的整列會標紅。B1 顯示「目前錯配數」，這是你要盯著壓到 0 的數字。
A9: 建議操作順序：
A10: 步驟 0（現況）：兩個下拉都維持 No。Destuffed 從 index 8 之後幾乎全紅——多出來的 stuff bit 沒被移除，後面全部位移。錯配數應為 18。
A11: 步驟 1：把 RawBits 第 8 列（index=8，CandidateStuffPoint=Yes）的 ExcludeThisBit 改成 Yes。大部分列會變綠，只剩 1 個紅——錯配數應從 18 降到 1，證明『排除』選對了位置。
A12: 步驟 2（對照組，體驗『選錯』）：如果改成排除第 9 列（decoy，看起來也很像候選點）而不是第 8 列，錯配數只會降到 2、不會全對——『長得像』不代表是對的 stuff bit，這正是 destuff 有多種可能性的情境。
A13: 步驟 3：確認第 8 列排除正確後，剩下那 1 個紅通常不是 destuff 位置錯，而是判決錯誤——把 RawBits index=22（LowConfidence=Yes）那列的 FlipThisBit 改成 Yes。錯配數應歸零。
A15: 驗證方式：三個狀態（不處理 / 只排除第8列 / 排除第8列+翻轉第22列）已用 Python 手算驗證，錯配數分別為 18、1、0，可直接核對 Destuffed!B1 操作後的數字。
A17: 下一步：這個機制若可用，我會把同一套『RawBits(逐bit信心欄) → 下拉選單 destuff/flip → Destuffed自動比對』結構套到真正的 3816-bit raw stream（來自 cut_first3_frame2_raw_no_destuff.xlsx）跟完整 274-byte reference frame，並加上 byte/hex/ASCII 分組、CRC-16/X.25 即時檢查。
... A21: RawBits 新增 I~L 欄：I 欄顯示這個 raw bit 目前屬於哪個 TM 欄位（若已被排除則顯示「已排除，不影響TM」）；J 欄顯示該 TM 欄位目前的完整 8-bit 二進位；K 欄顯示目前解出來的工程值；L 欄顯示合理/不合理（會用綠/紅底色標示）。這樣你在調整某一列的 ExcludeThisBit / FlipThisBit 時，可以同步看到這個更動牽動了哪個 TM 參數、TM 現在長什麼樣子，藉此判斷這個 destuff/flip 的選擇是否合理——就像實際判決時參考 TM 狀態一樣。

Sheet RawBits
A1: BitIndex | B1: RawBitValue | C1: LowConfidence | D1: CandidateStuffPoint | E1: ExcludeThisBit | F1: FlipThisBit | G1: EffectiveBitValue | H1: DestuffedSeqNo | I1: TM欄位(受影響遙測項) | J1: TM Byte目前二進位 | K1: TM目前工程值 | L1: TM合理性
A2: 0 | B2: 1 | C2: No | D2: ="" | E2: No | F2: No | G2: =IF(F2="Yes",1-B2,B2) -> 1 | H2: =IF(E2="Yes","",COUNTIFS($E$2:E2,"No")) -> 1 | I2: {=IF(H2="","(已排除，不影響TM)",INDEX(Telemetry!$E$2:$E$5,ROUNDUP(H2/8,0)))} -> 電池電壓 Battery Voltage | J2: {=IF(H2="","-",INDEX(Telemetry!$C$2:$C$5,ROUNDUP(H2/8,0)))} -> 11011111 | K2: {=IF(H2="","-",INDEX(Telemetry!$I$2:$I$5,ROUNDUP(H2/8,0))&" "&INDEX(Telemetry!$H$2:$H$5,ROUNDUP(H2/8,0)))} -> 7.3367 V | L2: {=IF(H2="","-",INDEX(Telemetry!$L$2:$L$5,ROUNDUP(H2/8,0)))} -> 合理
A3: 1 | B3: 1 | C3: No | D3: ="" | E3: No | F3: No | G3: =IF(F3="Yes",1-B3,B3) -> 1 | H3: =IF(E3="Yes","",COUNTIFS($E$2:E3,"No")) -> 2 | I3: {=IF(H3="","(已排除，不影響TM)",INDEX(Telemetry!$E$2:$E$5,ROUNDUP(H3/8,0)))} -> 電池電壓 Battery Voltage | J3: {=IF(H3="","-",INDEX(Telemetry!$C$2:$C$5,ROUNDUP(H3/8,0)))} -> 11011111 | K3: {=IF(H3="","-",INDEX(Telemetry!$I$2:$I$5,ROUNDUP(H3/8,0))&" "&INDEX(Telemetry!$H$2:$H$5,ROUNDUP(H3/8,0)))} -> 7.3367 V | L3: {=IF(H3="","-",INDEX(Telemetry!$L$2:$L$5,ROUNDUP(H3/8,0)))} -> 合理
A4: 2 | B4: 0 | C4: No | D4: ="" | E4: No | F4: No | G4: =IF(F4="Yes",1-B4,B4) -> 0 | H4: =IF(E4="Yes","",COUNTIFS($E$2:E4,"No")) -> 3 | I4: {=IF(H4="","(已排除，不影響TM)",INDEX(Telemetry!$E$2:$E$5,ROUNDUP(H4/8,0)))} -> 電池電壓 Battery Voltage | J4: {=IF(H4="","-",INDEX(Telemetry!$C$2:$C$5,ROUNDUP(H4/8,0)))} -> 11011111 | K4: {=IF(H4="","-",INDEX(Telemetry!$I$2:$I$5,ROUNDUP(H4/8,0))&" "&INDEX(Telemetry!$H$2:$H$5,ROUNDUP(H4/8,0)))} -> 7.3367 V | L4: {=IF(H4="","-",INDEX(Telemetry!$L$2:$L$5,ROUNDUP(H4/8,0)))} -> 合理
A5: 3 | B5: 1 | C5: No | D5: ="" | E5: No | F5: No | G5: =IF(F5="Yes",1-B5,B5) -> 1 | H5: =IF(E5="Yes","",COUNTIFS($E$2:E5,"No")) -> 4 | I5: {=IF(H5="","(已排除，不影響TM)",INDEX(Telemetry!$E$2:$E$5,ROUNDUP(H5/8,0)))} -> 電池電壓 Battery Voltage | J5: {=IF(H5="","-",INDEX(Telemetry!$C$2:$C$5,ROUNDUP(H5/8,0)))} -> 11011111 | K5: {=IF(H5="","-",INDEX(Telemetry!$I$2:$I$5,ROUNDUP(H5/8,0))&" "&INDEX(Telemetry!$H$2:$H$5,ROUNDUP(H5/8,0)))} -> 7.3367 V | L5: {=IF(H5="","-",INDEX(Telemetry!$L$2:$L$5,ROUNDUP(H5/8,0)))} -> 合理
A6: 4 | B6: 1 | C6: No | D6: ="" | E6: No | F6: No | G6: =IF(F6="Yes",1-B6,B6) -> 1 | H6: =IF(E6="Yes","",COUNTIFS($E$2:E6,"No")) -> 5 | I6: {=IF(H6="","(已排除，不影響TM)",INDEX(Telemetry!$E$2:$E$5,ROUNDUP(H6/8,0)))} -> 電池電壓 Battery Voltage | J6: {=IF(H6="","-",INDEX(Telemetry!$C$2:$C$5,ROUNDUP(H6/8,0)))} -> 11011111 | K6: {=IF(H6="","-",INDEX(Telemetry!$I$2:$I$5,ROUNDUP(H6/8,0))&" "&INDEX(Telemetry!$H$2:$H$5,ROUNDUP(H6/8,0)))} -> 7.3367 V | L6: {=IF(H6="","-",INDEX(Telemetry!$L$2:$L$5,ROUNDUP(H6/8,0)))} -> 合理
A7: 5 | B7: 1 | C7: No | D7: =IF(AND(B2=1,B3=1,B4=1,B5=1,B6=1),"Yes","") | E7: No | F7: No | G7: =IF(F7="Yes",1-B7,B7) -> 1 | H7: =IF(E7="Yes","",COUNTIFS($E$2:E7,"No")) -> 6 | I7: {=IF(H7="","(已排除，不影響TM)",INDEX(Telemetry!$E$2:$E$5,ROUNDUP(H7/8,0)))} -> 電池電壓 Battery Voltage | J7: {=IF(H7="","-",INDEX(Telemetry!$C$2:$C$5,ROUNDUP(H7/8,0)))} -> 11011111 | K7: {=IF(H7="","-",INDEX(Telemetry!$I$2:$I$5,ROUNDUP(H7/8,0))&" "&INDEX(Telemetry!$H$2:$H$5,ROUNDUP(H7/8,0)))} -> 7.3367 V | L7: {=IF(H7="","-",INDEX(Telemetry!$L$2:$L$5,ROUNDUP(H7/8,0)))} -> 合理
A8: 6 | B8: 1 | C8: No | D8: =IF(AND(B3=1,B4=1,B5=1,B6=1,B7=1),"Yes","") | E8: No | F8: No | G8: =IF(F8="Yes",1-B8,B8) -> 1 | H8: =IF(E8="Yes","",COUNTIFS($E$2:E8,"No")) -> 7 | I8: {=IF(H8="","(已排除，不影響TM)",INDEX(Telemetry!$E$2:$E$5,ROUNDUP(H8/8,0)))} -> 電池電壓 Battery Voltage | J8: {=IF(H8="","-",INDEX(Telemetry!$C$2:$C$5,ROUNDUP(H8/8,0)))} -> 11011111 | K8: {=IF(H8="","-",INDEX(Telemetry!$I$2:$I$5,ROUNDUP(H8/8,0))&" "&INDEX(Telemetry!$H$2:$H$5,ROUNDUP(H8/8,0)))} -> 7.3367 V | L8: {=IF(H8="","-",INDEX(Telemetry!$L$2:$L$5,ROUNDUP(H8/8,0)))} -> 合理
A9: 7 | B9: 1 | C9: No | D9: =IF(AND(B4=1,B5=1,B6=1,B7=1,B8=1),"Yes","") | E9: No | F9: No | G9: =IF(F9="Yes",1-B9,B9) -> 1 | H9: =IF(E9="Yes","",COUNTIFS($E$2:E9,"No")) -> 8 | I9: {=IF(H9="","(已排除，不影響TM)",INDEX(Telemetry!$E$2:$E$5,ROUNDUP(H9/8,0)))} -> 電池電壓 Battery Voltage | J9: {=IF(H9="","-",INDEX(Telemetry!$C$2:$C$5,ROUNDUP(H9/8,0)))} -> 11011111 | K9: {=IF(H9="","-",INDEX(Telemetry!$I$2:$I$5,ROUNDUP(H9/8,0))&" "&INDEX(Telemetry!$H$2:$H$5,ROUNDUP(H9/8,0)))} -> 7.3367 V | L9: {=IF(H9="","-",INDEX(Telemetry!$L$2:$L$5,ROUNDUP(H9/8,0)))} -> 合理
A10: 8 | B10: 0 | C10: Yes | D10: =IF(AND(B5=1,B6=1,B7=1,B8=1,B9=1),"Yes","") -> Yes | E10: No | F10: No | G10: =IF(F10="Yes",1-B10,B10) -> 0 | H10: =IF(E10="Yes","",COUNTIFS($E$2:E10,"No")) -> 9 | I10: {=IF(H10="","(已排除，不影響TM)",INDEX(Telemetry!$E$2:$E$5,ROUNDUP(H10/8,0)))} -> 電池溫度 Battery Temperature | J10: {=IF(H10="","-",INDEX(Telemetry!$C$2:$C$5,ROUNDUP(H10/8,0)))} -> 01011010 | K10: {=IF(H10="","-",INDEX(Telemetry!$I$2:$I$5,ROUNDUP(H10/8,0))&" "&INDEX(Telemetry!$H$2:$H$5,ROUNDUP(H10/8,0)))} -> 5 °C | L10: {=IF(H10="","-",INDEX(Telemetry!$L$2:$L$5,ROUNDUP(H10/8,0)))} -> 合理
A11: 9 | B11: 1 | C11: Yes | D11: =IF(AND(B6=1,B7=1,B8=1,B9=1,B10=1),"Yes","") | E11: No | F11: No | G11: =IF(F11="Yes",1-B11,B11) -> 1 | H11: =IF(E11="Yes","",COUNTIFS($E$2:E11,"No")) -> 10 | I11: {=IF(H11="","(已排除，不影響TM)",INDEX(Telemetry!$E$2:$E$5,ROUNDUP(H11/8,0)))} -> 電池溫度 Battery Temperature | J11: {=IF(H11="","-",INDEX(Telemetry!$C$2:$C$5,ROUNDUP(H11/8,0)))} -> 01011010 | K11: {=IF(H11="","-",INDEX(Telemetry!$I$2:$I$5,ROUNDUP(H11/8,0))&" "&INDEX(Telemetry!$H$2:$H$5,ROUNDUP(H11/8,0)))} -> 5 °C | L11: {=IF(H11="","-",INDEX(Telemetry!$L$2:$L$5,ROUNDUP(H11/8,0)))} -> 合理
A12: 10 | B12: 0 | C12: No | D12: =IF(AND(B7=1,B8=1,B9=1,B10=1,B11=1),"Yes","") | E12: No | F12: No | G12: =IF(F12="Yes",1-B12,B12) -> 0 | H12: =IF(E12="Yes","",COUNTIFS($E$2:E12,"No")) -> 11 | I12: {=IF(H12="","(已排除，不影響TM)",INDEX(Telemetry!$E$2:$E$5,ROUNDUP(H12/8,0)))} -> 電池溫度 Battery Temperature | J12: {=IF(H12="","-",INDEX(Telemetry!$C$2:$C$5,ROUNDUP(H12/8,0)))} -> 01011010 | K12: {=IF(H12="","-",INDEX(Telemetry!$I$2:$I$5,ROUNDUP(H12/8,0))&" "&INDEX(Telemetry!$H$2:$H$5,ROUNDUP(H12/8,0)))} -> 5 °C | L12: {=IF(H12="","-",INDEX(Telemetry!$L$2:$L$5,ROUNDUP(H12/8,0)))} -> 合理
A13: 11 | B13: 1 | C13: No | D13: =IF(AND(B8=1,B9=1,B10=1,B11=1,B12=1),"Yes","") | E13: No | F13: No | G13: =IF(F13="Yes",1-B13,B13) -> 1 | H13: =IF(E13="Yes","",COUNTIFS($E$2:E13,"No")) -> 12 | I13: {=IF(H13="","(已排除，不影響TM)",INDEX(Telemetry!$E$2:$E$5,ROUNDUP(H13/8,0)))} -> 電池溫度 Battery Temperature | J13: {=IF(H13="","-",INDEX(Telemetry!$C$2:$C$5,ROUNDUP(H13/8,0)))} -> 01011010 | K13: {=IF(H13="","-",INDEX(Telemetry!$I$2:$I$5,ROUNDUP(H13/8,0))&" "&INDEX(Telemetry!$H$2:$H$5,ROUNDUP(H13/8,0)))} -> 5 °C | L13: {=IF(H13="","-",INDEX(Telemetry!$L$2:$L$5,ROUNDUP(H13/8,0)))} -> 合理
A14: 12 | B14: 1 | C14: No | D14: =IF(AND(B9=1,B10=1,B11=1,B12=1,B13=1),"Yes","") | E14: No | F14: No | G14: =IF(F14="Yes",1-B14,B14) -> 1 | H14: =IF(E14="Yes","",COUNTIFS($E$2:E14,"No")) -> 13 | I14: {=IF(H14="","(已排除，不影響TM)",INDEX(Telemetry!$E$2:$E$5,ROUNDUP(H14/8,0)))} -> 電池溫度 Battery Temperature | J14: {=IF(H14="","-",INDEX(Telemetry!$C$2:$C$5,ROUNDUP(H14/8,0)))} -> 01011010 | K14: {=IF(H14="","-",INDEX(Telemetry!$I$2:$I$5,ROUNDUP(H14/8,0))&" "&INDEX(Telemetry!$H$2:$H$5,ROUNDUP(H14/8,0)))} -> 5 °C | L14: {=IF(H14="","-",INDEX(Telemetry!$L$2:$L$5,ROUNDUP(H14/8,0)))} -> 合理
A15: 13 | B15: 0 | C15: No | D15: =IF(AND(B10=1,B11=1,B12=1,B13=1,B14=1),"Yes","") | E15: No | F15: No | G15: =IF(F15="Yes",1-B15,B15) -> 0 | H15: =IF(E15="Yes","",COUNTIFS($E$2:E15,"No")) -> 14 | I15: {=IF(H15="","(已排除，不影響TM)",INDEX(Telemetry!$E$2:$E$5,ROUNDUP(H15/8,0)))} -> 電池溫度 Battery Temperature | J15: {=IF(H15="","-",INDEX(Telemetry!$C$2:$C$5,ROUNDUP(H15/8,0)))} -> 01011010 | K15: {=IF(H15="","-",INDEX(Telemetry!$I$2:$I$5,ROUNDUP(H15/8,0))&" "&INDEX(Telemetry!$H$2:$H$5,ROUNDUP(H15/8,0)))} -> 5 °C | L15: {=IF(H15="","-",INDEX(Telemetry!$L$2:$L$5,ROUNDUP(H15/8,0)))} -> 合理
A16: 14 | B16: 1 | C16: No | D16: =IF(AND(B11=1,B12=1,B13=1,B14=1,B15=1),"Yes","") | E16: No | F16: No | G16: =IF(F16="Yes",1-B16,B16) -> 1 | H16: =IF(E16="Yes","",COUNTIFS($E$2:E16,"No")) -> 15 | I16: {=IF(H16="","(已排除，不影響TM)",INDEX(Telemetry!$E$2:$E$5,ROUNDUP(H16/8,0)))} -> 電池溫度 Battery Temperature | J16: {=IF(H16="","-",INDEX(Telemetry!$C$2:$C$5,ROUNDUP(H16/8,0)))} -> 01011010 | K16: {=IF(H16="","-",INDEX(Telemetry!$I$2:$I$5,ROUNDUP(H16/8,0))&" "&INDEX(Telemetry!$H$2:$H$5,ROUNDUP(H16/8,0)))} -> 5 °C | L16: {=IF(H16="","-",INDEX(Telemetry!$L$2:$L$5,ROUNDUP(H16/8,0)))} -> 合理
A17: 15 | B17: 0 | C17: No | D17: =IF(AND(B12=1,B13=1,B14=1,B15=1,B16=1),"Yes","") | E17: No | F17: No | G17: =IF(F17="Yes",1-B17,B17) -> 0 | H17: =IF(E17="Yes","",COUNTIFS($E$2:E17,"No")) -> 16 | I17: {=IF(H17="","(已排除，不影響TM)",INDEX(Telemetry!$E$2:$E$5,ROUNDUP(H17/8,0)))} -> 電池溫度 Battery Temperature | J17: {=IF(H17="","-",INDEX(Telemetry!$C$2:$C$5,ROUNDUP(H17/8,0)))} -> 01011010 | K17: {=IF(H17="","-",INDEX(Telemetry!$I$2:$I$5,ROUNDUP(H17/8,0))&" "&INDEX(Telemetry!$H$2:$H$5,ROUNDUP(H17/8,0)))} -> 5 °C | L17: {=IF(H17="","-",INDEX(Telemetry!$L$2:$L$5,ROUNDUP(H17/8,0)))} -> 合理
A18: 16 | B18: 1 | C18: No | D18: =IF(AND(B13=1,B14=1,B15=1,B16=1,B17=1),"Yes","") | E18: No | F18: No | G18: =IF(F18="Yes",1-B18,B18) -> 1 | H18: =IF(E18="Yes","",COUNTIFS($E$2:E18,"No")) -> 17 | I18: {=IF(H18="","(已排除，不影響TM)",INDEX(Telemetry!$E$2:$E$5,ROUNDUP(H18/8,0)))} -> 太陽能板電流 Solar Panel Current | J18: {=IF(H18="","-",INDEX(Telemetry!$C$2:$C$5,ROUNDUP(H18/8,0)))} -> 11001001 | K18: {=IF(H18="","-",INDEX(Telemetry!$I$2:$I$5,ROUNDUP(H18/8,0))&" "&INDEX(Telemetry!$H$2:$H$5,ROUNDUP(H18/8,0)))} -> 2010 mA | L18: {=IF(H18="","-",INDEX(Telemetry!$L$2:$L$5,ROUNDUP(H18/8,0)))} -> 不合理
... A34: 32 | B34: 1 | C34: No | D34: =IF(AND(B29=1,B30=1,B31=1,B32=1,B33=1),"Yes","") | E34: No | F34: No | G34: =IF(F34="Yes",1-B34,B34) -> 1 | H34: =IF(E34="Yes","",COUNTIFS($E$2:E34,"No")) -> 33 | I34: {=IF(H34="","(已排除，不影響TM)",INDEX(Telemetry!$E$2:$E$5,ROUNDUP(H34/8,0)))} -> #REF! | J34: {=IF(H34="","-",INDEX(Telemetry!$C$2:$C$5,ROUNDUP(H34/8,0)))} -> #REF! | K34: {=IF(H34="","-",INDEX(Telemetry!$I$2:$I$5,ROUNDUP(H34/8,0))&" "&INDEX(Telemetry!$H$2:$H$5,ROUNDUP(H34/8,0)))} -> #REF! | L34: {=IF(H34="","-",INDEX(Telemetry!$L$2:$L$5,ROUNDUP(H34/8,0)))} -> #REF!

Sheet Destuffed
A1: Mismatch Count: | B1: =SUMPRODUCT((C3:C34<>D3:D34)*1) -> 18 | C1: (target: 0)
A2: Position | B2: SourceRawBitIndex | C2: DestuffedBitValue | D2: ReferenceBit(TrueValue) | E2: Match(1=OK)
A3: 1 | B3: =IFERROR(INDEX(RawBits!$A:$A,MATCH($A3,RawBits!$H:$H,0)),"?") -> 0 | C3: =IFERROR(INDEX(RawBits!$G:$G,MATCH($A3,RawBits!$H:$H,0)),"") -> 1 | D3: 1 | E3: =IF(C3=D3,1,0) -> 1
A4: 2 | B4: =IFERROR(INDEX(RawBits!$A:$A,MATCH($A4,RawBits!$H:$H,0)),"?") -> 1 | C4: =IFERROR(INDEX(RawBits!$G:$G,MATCH($A4,RawBits!$H:$H,0)),"") -> 1 | D4: 1 | E4: =IF(C4=D4,1,0) -> 1
A5: 3 | B5: =IFERROR(INDEX(RawBits!$A:$A,MATCH($A5,RawBits!$H:$H,0)),"?") -> 2 | C5: =IFERROR(INDEX(RawBits!$G:$G,MATCH($A5,RawBits!$H:$H,0)),"") -> 0 | D5: 0 | E5: =IF(C5=D5,1,0) -> 1
A6: 4 | B6: =IFERROR(INDEX(RawBits!$A:$A,MATCH($A6,RawBits!$H:$H,0)),"?") -> 3 | C6: =IFERROR(INDEX(RawBits!$G:$G,MATCH($A6,RawBits!$H:$H,0)),"") -> 1 | D6: 1 | E6: =IF(C6=D6,1,0) -> 1
A7: 5 | B7: =IFERROR(INDEX(RawBits!$A:$A,MATCH($A7,RawBits!$H:$H,0)),"?") -> 4 | C7: =IFERROR(INDEX(RawBits!$G:$G,MATCH($A7,RawBits!$H:$H,0)),"") -> 1 | D7: 1 | E7: =IF(C7=D7,1,0) -> 1
A8: 6 | B8: =IFERROR(INDEX(RawBits!$A:$A,MATCH($A8,RawBits!$H:$H,0)),"?") -> 5 | C8: =IFERROR(INDEX(RawBits!$G:$G,MATCH($A8,RawBits!$H:$H,0)),"") -> 1 | D8: 1 | E8: =IF(C8=D8,1,0) -> 1
A9: 7 | B9: =IFERROR(INDEX(RawBits!$A:$A,MATCH($A9,RawBits!$H:$H,0)),"?") -> 6 | C9: =IFERROR(INDEX(RawBits!$G:$G,MATCH($A9,RawBits!$H:$H,0)),"") -> 1 | D9: 1 | E9: =IF(C9=D9,1,0) -> 1
A10: 8 | B10: =IFERROR(INDEX(RawBits!$A:$A,MATCH($A10,RawBits!$H:$H,0)),"?") -> 7 | C10: =IFERROR(INDEX(RawBits!$G:$G,MATCH($A10,RawBits!$H:$H,0)),"") -> 1 | D10: 1 | E10: =IF(C10=D10,1,0) -> 1
A11: 9 | B11: =IFERROR(INDEX(RawBits!$A:$A,MATCH($A11,RawBits!$H:$H,0)),"?") -> 8 | C11: =IFERROR(INDEX(RawBits!$G:$G,MATCH($A11,RawBits!$H:$H,0)),"") -> 0 | D11: 1 | E11: =IF(C11=D11,1,0) -> 0
A12: 10 | B12: =IFERROR(INDEX(RawBits!$A:$A,MATCH($A12,RawBits!$H:$H,0)),"?") -> 9 | C12: =IFERROR(INDEX(RawBits!$G:$G,MATCH($A12,RawBits!$H:$H,0)),"") -> 1 | D12: 0 | E12: =IF(C12=D12,1,0) -> 0
A13: 11 | B13: =IFERROR(INDEX(RawBits!$A:$A,MATCH($A13,RawBits!$H:$H,0)),"?") -> 10 | C13: =IFERROR(INDEX(RawBits!$G:$G,MATCH($A13,RawBits!$H:$H,0)),"") -> 0 | D13: 1 | E13: =IF(C13=D13,1,0) -> 0
A14: 12 | B14: =IFERROR(INDEX(RawBits!$A:$A,MATCH($A14,RawBits!$H:$H,0)),"?") -> 11 | C14: =IFERROR(INDEX(RawBits!$G:$G,MATCH($A14,RawBits!$H:$H,0)),"") -> 1 | D14: 1 | E14: =IF(C14=D14,1,0) -> 1
... A34: 32 | B34: =IFERROR(INDEX(RawBits!$A:$A,MATCH($A34,RawBits!$H:$H,0)),"?") -> 31 | C34: =IFERROR(INDEX(RawBits!$G:$G,MATCH($A34,RawBits!$H:$H,0)),"") -> 1 | D34: 1 | E34: =IF(C34=D34,1,0) -> 1

Sheet Telemetry
A1: Byte# | B1: Destuffed位置 | C1: 目前8-bit二進位 | D1: Decimal(0-255) | E1: TM欄位名稱 | F1: 轉換倍率Scale | G1: 偏移Offset | H1: 單位 | I1: 目前工程值 | J1: 合理下限 | K1: 合理上限 | L1: 合理性狀態
A2: 1 | B2: =((A2-1)*8+1)&"-"&(A2*8) -> 1-8 | C2: =Destuffed!C3&Destuffed!C4&Destuffed!C5&Destuffed!C6&Destuffed!C7&Destuffed!C8&Destuffed!C9&Destuffed!C10 -> 11011111 | D2: =Destuffed!C3*128+Destuffed!C4*64+Destuffed!C5*32+Destuffed!C6*16+Destuffed!C7*8+Destuffed!C8*4+Destuffed!C9*2+Destuffed!C10*1 -> 223 | E2: 電池電壓 Battery Voltage | F2: 0.0329 | G2: 0 | H2: V | I2: =D2*F2+G2 -> 7.3367 | J2: 6 | K2: 8.4 | L2: =IF(AND(I2>=J2,I2<=K2),"合理","不合理") -> 合理
A3: 2 | B3: =((A3-1)*8+1)&"-"&(A3*8) -> 9-16 | C3: =Destuffed!C11&Destuffed!C12&Destuffed!C13&Destuffed!C14&Destuffed!C15&Destuffed!C16&Destuffed!C17&Destuffed!C18 -> 01011010 | D3: =Destuffed!C11*128+Destuffed!C12*64+Destuffed!C13*32+Destuffed!C14*16+Destuffed!C15*8+Destuffed!C16*4+Destuffed!C17*2+Destuffed!C18*1 -> 90 | E3: 電池溫度 Battery Temperature | F3: 0.5 | G3: -40 | H3: °C | I3: =D3*F3+G3 -> 5 | J3: -20 | K3: 60 | L3: =IF(AND(I3>=J3,I3<=K3),"合理","不合理") -> 合理
A4: 3 | B4: =((A4-1)*8+1)&"-"&(A4*8) -> 17-24 | C4: =Destuffed!C19&Destuffed!C20&Destuffed!C21&Destuffed!C22&Destuffed!C23&Destuffed!C24&Destuffed!C25&Destuffed!C26 -> 11001001 | D4: =Destuffed!C19*128+Destuffed!C20*64+Destuffed!C21*32+Destuffed!C22*16+Destuffed!C23*8+Destuffed!C24*4+Destuffed!C25*2+Destuffed!C26*1 -> 201 | E4: 太陽能板電流 Solar Panel Current | F4: 10 | G4: 0 | H4: mA | I4: =D4*F4+G4 -> 2010 | J4: 0 | K4: 2000 | L4: =IF(AND(I4>=J4,I4<=K4),"合理","不合理") -> 不合理
A5: 4 | B5: =((A5-1)*8+1)&"-"&(A5*8) -> 25-32 | C5: =Destuffed!C27&Destuffed!C28&Destuffed!C29&Destuffed!C30&Destuffed!C31&Destuffed!C32&Destuffed!C33&Destuffed!C34 -> 00101001 | D5: =Destuffed!C27*128+Destuffed!C28*64+Destuffed!C29*32+Destuffed!C30*16+Destuffed!C31*8+Destuffed!C32*4+Destuffed!C33*2+Destuffed!C34*1 -> 41 | E5: 訊號強度 RSSI | F5: 1 | G5: -128 | H5: dBm | I5: =D5*F5+G5 -> -87 | J5: -100 | K5: -30 | L5: =IF(AND(I5>=J5,I5<=K5),"合理","不合理") -> 合理
A7: ⚠ 說明：Scale/Offset 與合理上下限皆為示範用模擬值（非真實衛星/beacon ICD 規格），僅用於驗證「更動 RawBits → TM 欄位即時反應」這個機制。
